exam,exam_url,q_number,question,option_a,option_b,option_c,option_d,correct_answer,num_correct_answers,area,theme,difficulty_1_10,explanation
1,https://lifeintheuktestweb.co.uk/british-citizenship-test-1/,1,What are two responsibilities that you will have as a British citizen or permanent resident of the UK?,To look after the area in which you live and the environment,To look after yourself and your family,To stay in the UK forever,To promote work in your local community,To look after the area in which you live and the environment | To look after yourself and your family,2,Values & Citizenship,Rights & responsibilities of citizens,4,"If you wish to be a permanent resident or citizen of the UK, you should: look after yourself and your family, look after the area in which you live and the environment , respect and obey the law, respect the rights of others, including their right to their own opinions and treat others with fairness."
1,https://lifeintheuktestweb.co.uk/british-citizenship-test-1/,2,Where is Big Ben located?,Buckingham Palace,The Tower of London,Trafalgar Square,The Houses of the Parliament,The Houses of the Parliament,1,Geography,Landmarks & famous places,2,Big Ben is the nickname for the great bell of the clock at the Houses of Parliament in London .
1,https://lifeintheuktestweb.co.uk/british-citizenship-test-1/,3,When were men and women given the right to vote at the age of 21?,1918,1903,1928,1923,1928,1,History,Suffrage & women's rights (Suffragettes),8,"In 1928 , women were given the right to vote at the age of 21, the same as men."
1,https://lifeintheuktestweb.co.uk/british-citizenship-test-1/,4,Where is the UK geographically located?,South west of Europe,North east of Europe,North west of Europe,South east of Europe,North west of Europe,1,Geography,"Nations, capitals & geography of the UK",3,The UK is located in the north west of Europe .
1,https://lifeintheuktestweb.co.uk/british-citizenship-test-1/,5,Who is the patron Saint of Scotland?,St David,St Patrick,St George,St Andrew,St Andrew,1,Culture & Society,Religion & patron saints,4,The patron Saint of Scotland is St Andrew .
1,https://lifeintheuktestweb.co.uk/british-citizenship-test-1/,6,Which two houses fought in the Wars of the Roses?,The House of Chester,The House of York,The House of Lancaster,The House of Newcastle,The House of York | The House of Lancaster,2,History,Wars of the Roses,5,The Wars of the Roses were fought between the supporters of two families: the House of Lancaster and the House of York .
1,https://lifeintheuktestweb.co.uk/british-citizenship-test-1/,7,The Bill of Rights of 1689 confirmed the right to vote for all adult men.,True,False,,,False,1,History,Glorious Revolution & Bill of Rights,7,"False . The Bill of Rights, 1689, confirmed the rights of Parliament and the limits of the king’s power."
1,https://lifeintheuktestweb.co.uk/british-citizenship-test-1/,8,What is the Cenotaph?,A flower,A Christian church,A war memorial,A theatre,A war memorial,1,Culture & Society,Architecture & famous buildings,5,"The Cenotaph is a war memorial and it is the site of the annual Remembrance Day service attended by the King, politicians and foreign ambassadors."
1,https://lifeintheuktestweb.co.uk/british-citizenship-test-1/,9,Who was the first female Prime Minister of the UK?,Mary Stuart,Theresa May,Margaret Thatcher,Florence Nightingale,Margaret Thatcher,1,Government & Politics,Prime Ministers & political leaders,2,Margaret Thatcher was the first woman Prime Minister of the UK.
1,https://lifeintheuktestweb.co.uk/british-citizenship-test-1/,10,Who chairs the debates at the House of Commons?,A bishop,The Prime Minister,The Speaker,The archbishop of Canterbury,The Speaker,1,Government & Politics,Parliament & how government works,4,Debates in the House of Commons are chaired by the Speaker .
1,https://lifeintheuktestweb.co.uk/british-citizenship-test-1/,11,Who was the captain of the English football team that won the World Cup in 1966?,Sir Roger Bannister,Sir Jackie Stewart,Sir Ian Botham,Bobby Moore,Bobby Moore,1,Sport,Sport & sporting events,6,Bobby Moore captained the English football team that won the World Cup in 1966.
1,https://lifeintheuktestweb.co.uk/british-citizenship-test-1/,12,When did the English defeat the Spanish Armada?,1466,1066,1254,1588,1588,1,History,Tudors & the Reformation,7,In 1588 the English defeated the Spanish Armada.
1,https://lifeintheuktestweb.co.uk/british-citizenship-test-1/,13,Anyone can make a complaint about the police by writing to the Chief Constable of the police force involved.,True,False,,,True,1,Law & Justice,"Police, crime & punishment",6,This statement is TRUE .
1,https://lifeintheuktestweb.co.uk/british-citizenship-test-1/,14,What is the minimum age required to serve on a jury?,16,18,21,25,18,1,Law & Justice,The legal system & courts,5,Anyone who is on the electoral register and is aged 18 to 70 can be asked to serve on a jury.
1,https://lifeintheuktestweb.co.uk/british-citizenship-test-1/,15,How is a jury selected?,From the NHS registration system,Randomly from the electoral register,Alphabetically from the telephone directory,From a postcode selection,Randomly from the electoral register,1,Law & Justice,The legal system & courts,5,"As well as getting the right to vote, people on the electoral register are randomly selected to serve on a jury. Anyone who is on the electoral register and is aged 18 to 70 can be asked to do this."
1,https://lifeintheuktestweb.co.uk/british-citizenship-test-1/,16,What is a bank holiday?,A public holiday when banks are open all day,A public holiday for people working in banks,An additional day off that every worker in the UK is entitled to,A public holiday when banks and many other businesses are closed for the day,A public holiday when banks and many other businesses are closed for the day,1,Culture & Society,"Festivals, holidays & traditions",3,"There are public holidays each year called bank holidays, when banks and many other businesses are closed for the day ."
1,https://lifeintheuktestweb.co.uk/british-citizenship-test-1/,17,What will you be given to vote before a general election takes place?,A ballot slip,A poll card,A voting slip,A poll tax relief,A poll card,1,Government & Politics,Elections & voting,6,Before the election you will be sent a poll card .
1,https://lifeintheuktestweb.co.uk/british-citizenship-test-1/,18,Which of the following statements is correct?,Solicitors’ charges are usually based on how much time they spend on a case,Solicitors’ charges are usually based on the nature of a case and its importance,,,Solicitors’ charges are usually based on how much time they spend on a case,1,Law & Justice,The legal system & courts,7,Solicitors’ charges are usually based on how much time they spend of a case.
1,https://lifeintheuktestweb.co.uk/british-citizenship-test-1/,19,"By law, which TWO types of media have to give a balanced coverage of all political parties and equal time to rival viewpoints before an election?",Television,Internet,Newspapers,Radio,Television | Radio,2,Government & Politics,Elections & voting,6,"By law, radio and television coverage of the political parties must be balanced and so equal time has to be given to rival viewpoints."
1,https://lifeintheuktestweb.co.uk/british-citizenship-test-1/,20,Which of the following territories is a Crown dependency but is NOT part of the UK?,Northern Ireland,Wales,The Channel Islands,Scotland,The Channel Islands,1,Geography,"Nations, capitals & geography of the UK",5,"The Channel Islands is a British overseas territory linked to the UK, but it is not part of it."
1,https://lifeintheuktestweb.co.uk/british-citizenship-test-1/,21,What did Sir Frank Whittle invent in the 1930s?,Radar,Hovercraft,Jet engine,Ballpoint pen,Jet engine,1,History,Industrial Revolution & invention,6,The jet engine was developed in Britain in the 1930s by Sir Frank Whittle .
1,https://lifeintheuktestweb.co.uk/british-citizenship-test-1/,22,Who wrote ‘The Daffodils’?,William Blake,Robert Browning,Lord Byron,William Wordsworth,William Wordsworth,1,Culture & Society,Literature & writers,6,The British poet William Wordsworth wrote ‘The Daffodils’.
1,https://lifeintheuktestweb.co.uk/british-citizenship-test-1/,23,Who was given the title of Lord Protector?,Charles I,Charles II,Winston Churchill,Oliver Cromwell,Oliver Cromwell,1,History,"Stuarts, Civil War & Restoration",6,Oliver Cromwell was given the title of Lord Protector and ruled until his death in 1658.
1,https://lifeintheuktestweb.co.uk/british-citizenship-test-1/,24,What are the 40 days before Easter called?,Diwali,Lent,Hannukah,Vaisakhi,Lent,1,Culture & Society,"Festivals, holidays & traditions",4,The 40 days before Easter are known as Lent .
2,https://lifeintheuktestweb.co.uk/british-citizenship-test-2/,1,What is the Home Secretary responsible for?,Health,Defence,Education,Policing,Policing,1,Government & Politics,Parliament & how government works,5,"The Home Secretary is responsible for crime, policing and immigration ."
2,https://lifeintheuktestweb.co.uk/british-citizenship-test-2/,2,St Helena is a British overseas territory and it is part of the United Kingdom.,True,False,,,False,1,Geography,"Nations, capitals & geography of the UK",6,"British overseas territories, such as St Helena and the Falkland Islands are linked to the UK but are not part of it ."
2,https://lifeintheuktestweb.co.uk/british-citizenship-test-2/,3,Several Church of England bishops sit in the House of Lords.,True,False,,,True,1,Government & Politics,Parliament & how government works,6,This statement is true .
2,https://lifeintheuktestweb.co.uk/british-citizenship-test-2/,4,"When walking your dog in a public place, you must ensure:",That your dog does not play with other dogs,That your dog wears a collar showing the name and address of the owner,That your dog wears a high visibility jacket,That your dog does not bark,That your dog wears a collar showing the name and address of the owner,1,Culture & Society,"Food, leisure & everyday life",6,All dogs in public places must wear a collar showing the name and address of the owner .
2,https://lifeintheuktestweb.co.uk/british-citizenship-test-2/,5,Women over the age of 30 were given the right to vote as a result of their contribution towards the war effort. Which war was that?,The Second World War,The Crimean War,The First World War,The Civil War,The First World War,1,History,Suffrage & women's rights (Suffragettes),6,"In 1918, women over the age of 30 were given voting rights and the right to stand for Parliament, partly in recognition of the contribution women made to the war effort during the First World War ."
2,https://lifeintheuktestweb.co.uk/british-citizenship-test-2/,6,When did Ireland become a republic?,1925,1939,1949,1927,1949,1,History,20th-century & post-war Britain,8,Ireland became a republic in 1949 .
2,https://lifeintheuktestweb.co.uk/british-citizenship-test-2/,7,Where did the first farmers come from?,South-west Europe,South-east Europe,North-east America,North-west Asia,South-east Europe,1,History,"Ancient, Roman & early Britain",9,"The first farmers arrived in Britain 6,000 years ago. The ancestors of these first farmers probably came from south-east Europe ."
2,https://lifeintheuktestweb.co.uk/british-citizenship-test-2/,8,Who was an important contributor to the ‘pop art’ movement of the 1960’s?,David Hockney,Lucian Freud,John Petts,Henry Moore,David Hockney,1,Culture & Society,"Music, art & the performing arts",7,David Hockney was an important contributor to the ‘pop art’ movement of the 1960s and continues to be influential today.
2,https://lifeintheuktestweb.co.uk/british-citizenship-test-2/,9,Who became Prime Minister and was an inspirational leader to the British people during WWII?,Winston Churchill,Clement Attlee,Margaret Thatcher,Sir Robert Walpole,Winston Churchill,1,Government & Politics,Prime Ministers & political leaders,2,Winston Churchill .
2,https://lifeintheuktestweb.co.uk/british-citizenship-test-2/,10,Who led the first invasion of Britain?,Emperor Hadrian,Julius Caesar,Canute,"William, the Duke of Normandy",Julius Caesar,1,History,"Ancient, Roman & early Britain",6,"Julius Caesar led a Roman invasion of Britain in 55 BC. This was unsuccessful and for nearly 100 years Britain remained separate from the Roman Empire. In AD 43 the Emperor Claudius led the Roman army in a new invasion. This time, there was resistance from some of the British tribes but the Romans were successful in occupying almost all of Britain."
2,https://lifeintheuktestweb.co.uk/british-citizenship-test-2/,11,Under which king did the Anglo-Saxon kingdoms in England unite to defeat the Vikings?,William of Orange,King Alfred the Great,Henry VIII,Robert the Bruce,King Alfred the Great,1,History,Anglo-Saxons & Vikings,7,"The Anglo-Saxon kingdoms in England united under King Alfred the Great , who defeated the Vikings."
2,https://lifeintheuktestweb.co.uk/british-citizenship-test-2/,12,When was the Magna Carta created?,1514,1215,1415,1314,1215,1,History,Magna Carta & early rights,6,The Magna Carta was created in 1215 .
2,https://lifeintheuktestweb.co.uk/british-citizenship-test-2/,13,"Northern Ireland has its own banknotes, which are valid everywhere in the UK.",True,False,,,True,1,Culture & Society,"Money, work, tax & public services",6,This statement is true .
2,https://lifeintheuktestweb.co.uk/british-citizenship-test-2/,14,Which of the following plays was written by William Shakespeare?,Pride and Prejudice,A Midsummer Night’s dream,Sense and Sensibility,Great Expectations,A Midsummer Night’s dream,1,Culture & Society,Literature & writers,4,William Shakespeare’s most famous plays include A Midsummer Night’s dream .
2,https://lifeintheuktestweb.co.uk/british-citizenship-test-2/,15,"How many members does a jury have in England, Wales and Northern Ireland?",9,12,15,20,12,1,Law & Justice,The legal system & courts,5,"In England, Wales and Northern Ireland a jury has 12 members ."
2,https://lifeintheuktestweb.co.uk/british-citizenship-test-2/,16,Which two of the following religious communities celebrate Diwali?,Buddhists,Hindus,Jews,Sikhs,Hindus | Sikhs,2,Culture & Society,"Festivals, holidays & traditions",6,Diwali is celebrated by Hindus and Sikhs .
2,https://lifeintheuktestweb.co.uk/british-citizenship-test-2/,17,What is Good Friday?,The day when Jesus Christ rose from the dead,The day when Jesus Christ was born,The day when Jesus Christ died,The day when Jesus Christ became 30 years old,The day when Jesus Christ died,1,Culture & Society,"Festivals, holidays & traditions",4,Good Friday marks the death of Jesus Christ during the Easter.
2,https://lifeintheuktestweb.co.uk/british-citizenship-test-2/,18,St Patrick’s day is a public holiday in Northern Ireland.,True,False,,,True,1,Culture & Society,"Festivals, holidays & traditions",5,True . Only Scotland and Northern Ireland have their patron saint’s day as an official holiday (although in Scotland not all businesses and offices will close).
2,https://lifeintheuktestweb.co.uk/british-citizenship-test-2/,19,Which was the last successful foreign invasion of England that took place in 1066?,The Viking invasion,The Anglo-Saxon Conquest,The Roman invasion,The Norman Conquest,The Norman Conquest,1,History,Norman Conquest & the Middle Ages,4,The Norman Conquest was the last successful foreign invasion of England in 1066.
2,https://lifeintheuktestweb.co.uk/british-citizenship-test-2/,20,Where are the Crown Jewels kept?,At the House of Commons,At the Tower of London,At Buckingham Palace,At Windsor Castle,At the Tower of London,1,Geography,Landmarks & famous places,4,The Crown Jewels are kept at the Tower of London .
2,https://lifeintheuktestweb.co.uk/british-citizenship-test-2/,21,Which sport can be traced back to the 15th century in Scotland?,Golf,Tennis,Football,Rugby,Golf,1,Sport,Sport & sporting events,5,The modern game of golf can be traced back to 15th century Scotland.
2,https://lifeintheuktestweb.co.uk/british-citizenship-test-2/,22,Who was the first person in England to print books using a printing press?,William Shakespeare,John Barbour,Geoffrey Chaucer,William Caxton,William Caxton,1,History,Norman Conquest & the Middle Ages,7,William Caxton was the first person in England to print books using a printing press.
2,https://lifeintheuktestweb.co.uk/british-citizenship-test-2/,23,"Which court deals with minor criminal cases in England, Wales and Northern Ireland?",High Court,Justice of the Peace Court,Magistrates’ Court,Crown Court,Magistrates’ Court,1,Law & Justice,The legal system & courts,6,"In England, Wales and Northern Ireland, most minor criminal cases are dealt with in a Magistrates’ Court . In Scotland, minor criminal offences go to a Justice of the Peace Court."
2,https://lifeintheuktestweb.co.uk/british-citizenship-test-2/,24,What did the Scottish John Logie Baird develop?,Television,Radar,Personal computer,Radio,Television,1,History,Industrial Revolution & invention,6,The television was developed by Scotsman John Logie Baird in the 1920s.
3,https://lifeintheuktestweb.co.uk/british-citizenship-test-3/,1,Which of the following is a fundamental principle of British life?,Communism,Intolerance,Individual liberty,Inequity,Individual liberty,1,Values & Citizenship,British values & principles,3,Individual liberty is the correct answer.
3,https://lifeintheuktestweb.co.uk/british-citizenship-test-3/,2,Wales has its own established church.,True,False,,,False,1,Culture & Society,Religion & patron saints,7,False . There is no established Church in Wales or Northern Ireland.
3,https://lifeintheuktestweb.co.uk/british-citizenship-test-3/,3,How is New Year’s Eve called in Scotland?,Vaisakhi,Hannukah,Diwali,Hogmanay,Hogmanay,1,Culture & Society,"Festivals, holidays & traditions",6,"In Scotland, the 31st of December (New Year’s Eve) is called Hogmanay ."
3,https://lifeintheuktestweb.co.uk/british-citizenship-test-3/,4,Why did Henry VIII establish the church of England?,"Because the Pope didn’t let him divorce his first wife, Catherine of Aragon",Because the Pope didn’t let him marry Catherine Howard,Because the Pope wanted England to be a Catholic country,"Because the Pope didn’t let him divorce his wife, Anne of Cleves","Because the Pope didn’t let him divorce his first wife, Catherine of Aragon",1,History,Tudors & the Reformation,5,"To divorce his first wife , Henry needed the approval of the Pope. When the Pope refused, Henry established the church of England."
3,https://lifeintheuktestweb.co.uk/british-citizenship-test-3/,5,What is the name of the long war that English kings fought with France in the middle ages?,The Crimean War,The First World War,The Hundred Years War,The Boer War,The Hundred Years War,1,History,Norman Conquest & the Middle Ages,6,"English kings fought a long war with France, called the Hundred Years War (even though it actually lasted 116 years)."
3,https://lifeintheuktestweb.co.uk/british-citizenship-test-3/,6,Who was supported by clansmen from the Scottish highlands and raised and army in 1745?,Bonnie Prince Charlie,Robert Burns,Oliver Cromwell,Kenneth MacAlpin,Bonnie Prince Charlie,1,History,"Stuarts, Civil War & Restoration",7,"In 1745 there was another attempt to put a Stuart king back on the throne in place of George I’s son, George II. Charles Edward Stuart (Bonnie Prince Charlie) , the grandson of James II, landed in Scotland. He was supported by clansmen from the Scottish highlands and raised and army."
3,https://lifeintheuktestweb.co.uk/british-citizenship-test-3/,7,"If you think someone is trying to persuade you to join an extremist or terrorist activity, who should you contact?",The Home Office,Your local police force,Your local MP,Your family,Your local police force,1,Law & Justice,"Police, crime & punishment",4,"If you think someone is trying to persuade you to join an extremist or terrorist cause, you should notify your local police force ."
3,https://lifeintheuktestweb.co.uk/british-citizenship-test-3/,8,It is compulsory for 16 and 17-year-olds to join the National Citizen Service programme.,True,,False,,False,1,Values & Citizenship,Rights & responsibilities of citizens,6,"False . The National Citizen Service programme, which gives 16- and 17-year-olds the opportunity to enjoy outdoor activities, develop their skills and take part in a community project. Therefore, it is optional ."
3,https://lifeintheuktestweb.co.uk/british-citizenship-test-3/,9,What is the name of the tour guides that tell visitors stories about the Tower of London’s history?,Knights,Chartists,Suffragettes,Beefeaters,Beefeaters,1,Geography,Landmarks & famous places,6,"Tours are given at the Tower of London by the Yeoman Warders, also known as Beefeaters , who tell visitors about the building’s history."
3,https://lifeintheuktestweb.co.uk/british-citizenship-test-3/,10,"Which two countries developed the Concorde, the world’s only supersonic commercial airliner?",Italy,Britain,Germany,France,Britain | France,2,History,Industrial Revolution & invention,5,"Britain and France developed the world’s only supersonic commercial airliner, Concorde."
3,https://lifeintheuktestweb.co.uk/british-citizenship-test-3/,11,Where is Snowdonia located?,Scotland,Wales,England,Northern Ireland,Wales,1,Geography,Landmarks & famous places,5,Snowdonia is in Wales .
3,https://lifeintheuktestweb.co.uk/british-citizenship-test-3/,12,Who wrote Sherlock Holmes?,Evelyn Waugh,Sir Kingsley Amis,Graham Greene,Sir Arthur Conan Doyle,Sir Arthur Conan Doyle,1,Culture & Society,Literature & writers,5,Sir Arthur Conan Doyle is the author of Sherlock Holmes.
3,https://lifeintheuktestweb.co.uk/british-citizenship-test-3/,13,Which country was invaded by Germany in 1939?,Austria,Italy,Russia,Poland,Poland,1,History,First & Second World Wars,5,Germany invaded Poland in 1939.
3,https://lifeintheuktestweb.co.uk/british-citizenship-test-3/,14,Who is the patron Saint of Wales?,St David,St George,St Patrick,St Andrew,St David,1,Culture & Society,Religion & patron saints,5,The patron Saint of Wales is St David .
3,https://lifeintheuktestweb.co.uk/british-citizenship-test-3/,15,Lake District is the largest national park of England.,,True,False,,True,1,Geography,Landmarks & famous places,6,This statement is true .
3,https://lifeintheuktestweb.co.uk/british-citizenship-test-3/,16,What is the name of the area in London where famous theatres are located?,Soho,Theatreland,Westminster,Hyde Park,Theatreland,1,Culture & Society,"Music, art & the performing arts",6,"London’s west end, also known as ‘Theatreland’ , is particularly well known for its theatres."
3,https://lifeintheuktestweb.co.uk/british-citizenship-test-3/,17,Which two of the following are key roles of school governors?,Monitoring student’s behaviour,Monitoring and evaluating school performance,Setting the strategic direction of the school,Giving awards to the best students of the school,Monitoring and evaluating school performance | Setting the strategic direction of the school,2,Culture & Society,"Money, work, tax & public services",6,"Governors and school boards have an important part to play in raising school standards. They have three key roles: setting the strategic direction of the school , ensuring accountability and monitoring and evaluating school performance ."
3,https://lifeintheuktestweb.co.uk/british-citizenship-test-3/,18,What led the American colonies to want their independence from Britain?,The British government wanted to control their borders,They were running out of resources,The British government wanted to tax them,There were not enough jobs for the local people,The British government wanted to tax them,1,History,"Empire, exploration, slavery & abolition",5,The British government wanted to tax the colonies.
3,https://lifeintheuktestweb.co.uk/british-citizenship-test-3/,19,When did the Black Death take place?,The Golden Age,The Stone Age,The Middle Ages,The Iron Age,The Middle Ages,1,History,Norman Conquest & the Middle Ages,4,In 1348 (Middle Ages) the Black Death came to Britain.
3,https://lifeintheuktestweb.co.uk/british-citizenship-test-3/,20,"Who was the leader of the suffragettes, the group that campaigned for women’s rights to vote?",Queen Victoria,Oliver Cromwell,Florence Nightingale,Emmeline Pankhurst,Emmeline Pankhurst,1,History,Suffrage & women's rights (Suffragettes),6,Emmeline Pankhurst was the leader of the suffragettes.
3,https://lifeintheuktestweb.co.uk/british-citizenship-test-3/,21,Cardiff is the capital city of which country?,Scotland,Northern Ireland,Ireland,Wales,Wales,1,Geography,"Nations, capitals & geography of the UK",3,The capital city of Wales is Cardiff.
3,https://lifeintheuktestweb.co.uk/british-citizenship-test-3/,22,During the Great Depression in the 1930s which industry was badly affected?,Housing construction,Shipbuilding,Automobile,Aviation,Shipbuilding,1,History,20th-century & post-war Britain,7,During the ‘Great Depression’ in the 1930s the traditional heavy industries such as shipbuilding were badly affected.
3,https://lifeintheuktestweb.co.uk/british-citizenship-test-3/,23,Who was the first man in the world to run 1 mile in under 4 minutes?,Sir Chris Hoy,Sir Roger Bannister,David Weir,Mo Farah,Sir Roger Bannister,1,Sport,Sport & sporting events,4,"Sir Roger Bannister was the first man in the world to run a mile in under four minutes, in 1954."
3,https://lifeintheuktestweb.co.uk/british-citizenship-test-3/,24,"Which festival celebrates the end of Ramadan, when Muslims have fasted for a month?",Hannukah,Vaisakhi,Eid ul Adha,Eid al-Fitr,Eid al-Fitr,1,Culture & Society,"Festivals, holidays & traditions",5,"Eid al-Fitr celebrates the end of Ramadan, when Muslims have fasted for a month."
4,https://lifeintheuktestweb.co.uk/british-citizenship-test-4/,1,What was the last battle between Great Britain and France?,The Battle of Trafalgar,The Battle of Waterloo,The Battle of Hastings,Battle of Agincourt,The Battle of Waterloo,1,History,"Empire, exploration, slavery & abolition",6,"In 1815, the French Wars ended with the defeat of the Emperor Napoleon by the Duke of Wellington at the Battle of Waterloo ."
4,https://lifeintheuktestweb.co.uk/british-citizenship-test-4/,2,Which flower is associated with Wales?,Daffodil,Rose,Shamrock,Thistle,Daffodil,1,Culture & Society,"Festivals, holidays & traditions",4,The flower associated with Wales is the daffodil .
4,https://lifeintheuktestweb.co.uk/british-citizenship-test-4/,3,"During the reign of Charles II parts of London were destroyed, what was the cause of this destruction?",A war,A flood,A fire,An earthquake,A fire,1,History,"Stuarts, Civil War & Restoration",4,"During Charles II’s reign, a great fire destroyed much of the city, including many churches and St Paul’s Cathedral."
4,https://lifeintheuktestweb.co.uk/british-citizenship-test-4/,4,How often are general elections held in the UK?,Every 3 years,Every 4 years,Every 5 years,Every 10 years,Every 5 years,1,Government & Politics,Elections & voting,5,"MPs are elected at a General Election, which is held at least every five years ."
4,https://lifeintheuktestweb.co.uk/british-citizenship-test-4/,5,"Scotland has its own banknotes, which are valid everywhere in the UK.",True,,False,,True,1,Culture & Society,"Money, work, tax & public services",4,This statement is true .
4,https://lifeintheuktestweb.co.uk/british-citizenship-test-4/,6,"What charity works to preserve important buildings, coastline and countryside in the UK?",Shelter,Age UK,Crisis,The National Trust,The National Trust,1,Culture & Society,"Food, leisure & everyday life",4,"The National Trust is a charity that works to preserve important buildings, coastline and countryside in the UK."
4,https://lifeintheuktestweb.co.uk/british-citizenship-test-4/,7,"Great Britain refers only to England, Wales and Scotland.",True,False,,,True,1,Geography,"Nations, capitals & geography of the UK",6,This statement is true .
4,https://lifeintheuktestweb.co.uk/british-citizenship-test-4/,8,Who was the tribal leader who fought against the Romans?,Cleopatra,Claudia,Boudicca,St Augustine,Boudicca,1,History,"Ancient, Roman & early Britain",5,"One of the tribal leaders who fought against the Romans was Boudicca , the queen of the Iceni in what is now eastern England."
4,https://lifeintheuktestweb.co.uk/british-citizenship-test-4/,9,Who was voted the greatest Briton of all time in 2002?,Isaac Newton,Winston Churchill,Alexander Fleming,Mo Farat,Winston Churchill,1,Culture & Society,Notable Britons & achievements,4,"Winston Churchill remains a much-admired figure to this day, and in 2002 was voted the greatest Briton of all time by the public."
4,https://lifeintheuktestweb.co.uk/british-citizenship-test-4/,10,Which two houses form the UK Parliament?,The House of Lords,House of Members,House of Commons,House of Fraser,The House of Lords | House of Commons,2,Government & Politics,Parliament & how government works,4,The UK Parliament is formed of the House of Commons and the House of Lords .
4,https://lifeintheuktestweb.co.uk/british-citizenship-test-4/,11,When did women get the right to vote at the same age as men?,1918,1928,1938,1948,1928,1,History,Suffrage & women's rights (Suffragettes),8,"In 1928 , women were given the right to vote at the age of 21, the same as men."
4,https://lifeintheuktestweb.co.uk/british-citizenship-test-4/,12,Who is the head of the Church of England?,The Prime Minister,The Archbishop of Canterbury,The Pope,The monarch,The monarch,1,Culture & Society,Religion & patron saints,5,The monarch is the head of the Church of England.
4,https://lifeintheuktestweb.co.uk/british-citizenship-test-4/,13,What sort of event is the Grand National?,Rugby,Golf,Horse Racing,Tennis,Horse Racing,1,Sport,Sport & sporting events,3,The Grand National is a horse racing event.
4,https://lifeintheuktestweb.co.uk/british-citizenship-test-4/,14,What type of literature are the Canterbury Tales?,Poems,Novels,Jokes,Fables,Poems,1,Culture & Society,Literature & writers,6,Geoffrey Chaucer wrote a series of poems in English about a group of people going to Canterbury on a pilgrimage. This collection of poems is called The Canterbury Tales.
4,https://lifeintheuktestweb.co.uk/british-citizenship-test-4/,15,When is Christmas Day?,24th of December,25th of December,26th of December,27th of December,25th of December,1,Culture & Society,"Festivals, holidays & traditions",1,Christmas Day is celebrated on the 25th of December .
4,https://lifeintheuktestweb.co.uk/british-citizenship-test-4/,16,Who supported King Charles I during the Civil War?,Roundheads,Suffragettes,Quakers,Cavaliers,Cavaliers,1,History,"Stuarts, Civil War & Restoration",6,During the civil war between the king and Parliament the country split into those who supported the king (the Cavaliers) and those who supported Parliament (the Roundheads).
4,https://lifeintheuktestweb.co.uk/british-citizenship-test-4/,17,What battle is commemorated in the Bayeux Tapestry?,The Battle of Waterloo,The Battle of Trafalgar,The Battle of Hastings,The Battle of Britain,The Battle of Hastings,1,History,Norman Conquest & the Middle Ages,5,"The Battle of Hastings is commemorated in a great piece of embroidery, known as the Bayeux tapestry."
4,https://lifeintheuktestweb.co.uk/british-citizenship-test-4/,18,"Where was Anne Boleyn, the wife of Henry VIII, executed?",Houses of the Parliament,Stonehenge,Tower of London,Whitehall,Tower of London,1,History,Tudors & the Reformation,5,Anne Boleyn was unpopular in the country and was accused of taking lovers. She was executed at the Tower of London .
4,https://lifeintheuktestweb.co.uk/british-citizenship-test-4/,19,Racial crime and smoking in public places are examples of:,Civil offences,Criminal offences,,,Criminal offences,1,Law & Justice,The legal system & courts,6,Racial crime and smoking in public places are examples of criminal offences.
4,https://lifeintheuktestweb.co.uk/british-citizenship-test-4/,20,What type of character was played by Charlie Chaplin?,A superhero,A tramp,A scientific genius,A bandit,A tramp,1,Culture & Society,"Film, TV & media",5,Sir Charles (Charlie) Chaplin became famous in silent movies for his tramp character and was one of many British actors to make a career in Hollywood.
4,https://lifeintheuktestweb.co.uk/british-citizenship-test-4/,21,You have to be at least 21 years old to stand as MP.,True,False,,,False,1,Government & Politics,Elections & voting,7,"This statement is false . Anyone aged 18 or over can stand for election as an MP but they are unlikely to win unless they have been nominated to represent one of the major political parties. These are the Conservative Party, the Labour Party, the Liberal Democrats, or one of the parties representing Scottish, Welsh or Northern Irish interests."
4,https://lifeintheuktestweb.co.uk/british-citizenship-test-4/,22,Who developed the radar?,John Logie Baird,Sir Frank Whittle,Sir Christopher Cockrell,Sir Robert Watson-Watt,Sir Robert Watson-Watt,1,Culture & Society,Notable Britons & achievements,8,Sir Robert Watson-Watt developed the radar.
4,https://lifeintheuktestweb.co.uk/british-citizenship-test-4/,23,Where is the official home of the Prime Minister?,18 Oxford Street,Buckingham Palace,Windsor Castle,10 Downing Street,10 Downing Street,1,Government & Politics,Prime Ministers & political leaders,4,The official home of the Prime Minister is 10 Downing Street .
4,https://lifeintheuktestweb.co.uk/british-citizenship-test-4/,24,"By law, which TWO types of media have to give a balanced coverage of all political parties and equal time to rival viewpoints before an election?",Television,Internet,Newspapers,Radio,Television | Radio,2,Government & Politics,Elections & voting,7,"By law, radio and television coverage of the political parties must be balanced and so equal time has to be given to rival viewpoints."
5,https://lifeintheuktestweb.co.uk/british-citizenship-test-5/,1,When does Easter take place?,November or December,January or February,March or April,May or June,March or April,1,Culture & Society,"Festivals, holidays & traditions",3,Easter takes place in March or April .
5,https://lifeintheuktestweb.co.uk/british-citizenship-test-5/,2,Which of the following is not a valid UK coin?,1p,5p,25p,£1,25p,1,Culture & Society,"Money, work, tax & public services",4,There are no 25p coins in the UK currency.
5,https://lifeintheuktestweb.co.uk/british-citizenship-test-5/,3,Where is the Eden Project located?,Dorset,Cornwall,Devon,Somerset,Cornwall,1,Geography,Landmarks & famous places,6,"The Eden Project is located in Cornwall , in the south west of England."
5,https://lifeintheuktestweb.co.uk/british-citizenship-test-5/,4,St Helena and the Falkland Islands are part of Great Britain.,True,False,,,False,1,Geography,"Nations, capitals & geography of the UK",6,"False . There are several British overseas territories in other parts of the world, such as St Helena and the Falkland Islands. They are also linked to the UK but are not part of it."
5,https://lifeintheuktestweb.co.uk/british-citizenship-test-5/,5,Which two of the following are fundamental principles of British life?,Monarchy,The rule of law,Democracy,Join a political party,The rule of law | Democracy,2,Values & Citizenship,British values & principles,5,"The fundamental principles of British life include: democracy, the rule of law , individual liberty, tolerance of those with different faiths and beliefs and participation in community life."
5,https://lifeintheuktestweb.co.uk/british-citizenship-test-5/,6,Where should you register if you want to become part of a jury?,The electoral register,Your local church,The NHS,The British Embassy,The electoral register,1,Law & Justice,The legal system & courts,7,"People on the electoral register are randomly selected to serve on a jury. Therefore, if you want to be selected to form part of a jury you have to be on the electoral register and be between 18 to 70 years old."
5,https://lifeintheuktestweb.co.uk/british-citizenship-test-5/,7,What sort of church is the Church of Scotland?,Catholic,Baptist,Presbyterian,Methodist,Presbyterian,1,Culture & Society,Religion & patron saints,7,"In Scotland, the national Church is the Church of Scotland, which is a Presbyterian Church ."
5,https://lifeintheuktestweb.co.uk/british-citizenship-test-5/,8,Where does golf come from?,Wales,Australia,Ireland,Scotland,Scotland,1,Sport,Sport & sporting events,4,The modern game of golf can be traced back to 15th century Scotland .
5,https://lifeintheuktestweb.co.uk/british-citizenship-test-5/,9,When do the television and newspapers have stories that are jokes until midday?,Valentine’s Day,Boxing Day,Halloween,April Fool’s Day,April Fool’s Day,1,Culture & Society,"Festivals, holidays & traditions",3,"On April Fool’s Day , the 1st of April the television and newspapers often have stories that are April Fool jokes."
5,https://lifeintheuktestweb.co.uk/british-citizenship-test-5/,10,What king was defeated by Oliver Cromwell during the Civil War and hid in an oak tree before escaping to Europe?,Richard III,Charles II,James I,Henry IV,Charles II,1,History,"Stuarts, Civil War & Restoration",7,The correct answer is Charles II .
5,https://lifeintheuktestweb.co.uk/british-citizenship-test-5/,11,Who was the father of Queen Elizabeth I?,Edward I,Henry V,Henry VII,Henry VIII,Henry VIII,1,History,Tudors & the Reformation,5,The father of Queen Elizabeth I was Henry VIII .
5,https://lifeintheuktestweb.co.uk/british-citizenship-test-5/,12,Complaints against the police can ONLY be made by writing to the Police Complaints Commissioner.,True,False,,,False,1,Law & Justice,"Police, crime & punishment",5,"False . Anyone can make a complaint about the police by going to a police station and writing to the Chief Constable of the police force involved . Complaints can also be made to an independent body: the Independent Police Complaints Commission in England and Wales, the Police Complaints Commissioner for Scotland or the Police Ombudsman for Northern Ireland ."
5,https://lifeintheuktestweb.co.uk/british-citizenship-test-5/,13,Who is the patron Saint of Northern Ireland?,St George,St Patrick,St Andrew,St David,St Patrick,1,Culture & Society,Religion & patron saints,3,The patron Saint of Northern Ireland is St Patrick .
5,https://lifeintheuktestweb.co.uk/british-citizenship-test-5/,14,"What is the name of the period when new ideas about politics, philosophy and science were developed?",The Enlightenment,The Glorious Revolution,The Swinging Sixties,The Reformation,The Enlightenment,1,History,"Enlightenment, science & discovery",5,"During the 18th century, new ideas about politics, philosophy and science were developed. This is often called ‘the Enlightenment’ ."
5,https://lifeintheuktestweb.co.uk/british-citizenship-test-5/,15,Which of the following statements is TRUE:,"Mary Stuart (‘Mary, Queen of Scots’) was a Protestant","Mary Stuart (‘Mary, Queen of Scots’) was a Catholic",,,"Mary Stuart (‘Mary, Queen of Scots’) was a Catholic",1,History,Tudors & the Reformation,7,"Mary Stuart (‘Mary, Queen of Scots’) was a Catholic ."
5,https://lifeintheuktestweb.co.uk/british-citizenship-test-5/,16,Which of the following is an example of civil law?,To sell tobacco products to anyone under the age of 18,To buy alcohol for people who are under the age of 18,Discrimination in the workplace,"To carry a weapon of any kind, even if it is for self-defence",Discrimination in the workplace,1,Law & Justice,The legal system & courts,6,Discrimination in the workplace is an example of civil law.
5,https://lifeintheuktestweb.co.uk/british-citizenship-test-5/,17,In which battle did Admiral Nelson die?,The Battle of Hastings,The Battle of Waterloo,The Battle of Trafalgar,The Battle of Bannockburn,The Battle of Trafalgar,1,History,"Empire, exploration, slavery & abolition",5,Admiral Nelson was in charge of the British fleet at the Battle of Trafalgar and was killed in the battle.
5,https://lifeintheuktestweb.co.uk/british-citizenship-test-5/,18,"William of Orange was asked by Protestants to invade England and proclaim himself king. But, when William reached England, there was no resistance and he took over the throne. This event was later known as:",The ‘Glorious Revolution’,The Restoration,The ‘Great Depression’,The ‘Blitz’,The ‘Glorious Revolution’,1,History,Glorious Revolution & Bill of Rights,6,"William of Orange was asked by Protestants to invade England and proclaim himself king. When William reached England, there was no resistance and he took over the throne. This event was later called the ‘Glorious Revolution’."
5,https://lifeintheuktestweb.co.uk/british-citizenship-test-5/,19,What sort of charity is ‘Friends of the Earth’?,An environmental charity,A medical research charity,A charity working with pets,A charity working with older people,An environmental charity,1,Culture & Society,"Food, leisure & everyday life",3,Friends of the Earth is an environmental charity .
5,https://lifeintheuktestweb.co.uk/british-citizenship-test-5/,20,If a husband forces his wife to have sex he can be charged with rape.,True,False,,,True,1,Law & Justice,"Police, crime & punishment",4,This statement is true .
5,https://lifeintheuktestweb.co.uk/british-citizenship-test-5/,21,In which country of the British Empire did the Boer War (1899-1902) take place?,Netherlands,Falkland Islands,Gibraltar,South Africa,South Africa,1,History,"Empire, exploration, slavery & abolition",6,The Boer War of 1899 to 1902 took place in South Africa with settlers from the Netherlands called the Boers.
5,https://lifeintheuktestweb.co.uk/british-citizenship-test-5/,22,Which of the following actions is known as “canvassing”?,Donating blood to help people,Volunteering for an environmental charity,Caring for animals at a local rescue shelter,Persuading people to vote for a political party,Persuading people to vote for a political party,1,Government & Politics,Elections & voting,5,"Members of political parties persuade people to vote for their candidates – for instance, by handing out leaflets in the street or by knocking on people’s doors and asking for their support. This is called ‘canvassing’."
5,https://lifeintheuktestweb.co.uk/british-citizenship-test-5/,23,Which novel written by JRR Tolkien was voted the country’s best-loved novel in 2003?,Oliver Twist,James Bond,Pride and Prejudice,The Lord of the Rings,The Lord of the Rings,1,Culture & Society,Literature & writers,3,"In 2003, the Lord of the Rings by JRR Tolkien was voted the country’s best-loved novel."
5,https://lifeintheuktestweb.co.uk/british-citizenship-test-5/,24,When did Germany invade Poland?,1942,1941,1940,1939,1939,1,History,First & Second World Wars,4,Germany invaded Poland in 1939 .
6,https://lifeintheuktestweb.co.uk/british-citizenship-test-6/,1,As a British citizen what are your responsibilities (choose two answers)?,To respect and obey the law,To walk your dog only during the day,To go to church on Sunday,To look after yourself and your family,To respect and obey the law | To look after yourself and your family,2,Values & Citizenship,Rights & responsibilities of citizens,3,"If you wish to be a permanent resident or citizen of the UK, you should: respect and obey the law, look after yourself and your family , respect the rights of others, including their right to their own opinions, treat others with fairness and look after the area in which you live and the environment."
6,https://lifeintheuktestweb.co.uk/british-citizenship-test-6/,2,Who made the first coins to be minted in Britain?,The people of the Stone Age,The Anglo-saxons,The people of the Iron Age,The Romans,The people of the Iron Age,1,History,"Ancient, Roman & early Britain",8,"The people of the Iron Age made the first coins to be minted in Britain, some inscribed with the names of Iron Age kings. This marks the beginnings of British history."
6,https://lifeintheuktestweb.co.uk/british-citizenship-test-6/,3,Who built the Tower of London?,William the Conqueror,Queen Victoria,Queen Elizabeth I,Oliver Cromwell,William the Conqueror,1,History,Norman Conquest & the Middle Ages,6,The correct answer is William the Conqueror .
6,https://lifeintheuktestweb.co.uk/british-citizenship-test-6/,4,"There are 15 national parks in England, Wales and Scotland. What are national parks?",Giant greenhouses,Land formations of columns made from volcanic lava,Areas of protected countryside,Medieval buildings,Areas of protected countryside,1,Geography,Landmarks & famous places,3,"National Parks are areas of protected countryside that everyone can visit, and where people live, work and look after the landscape ."
6,https://lifeintheuktestweb.co.uk/british-citizenship-test-6/,5,Northern Ireland has its own established church.,True,False,,,False,1,Culture & Society,Religion & patron saints,7,False . There is no established Church in Wales or Northern Ireland.
6,https://lifeintheuktestweb.co.uk/british-citizenship-test-6/,6,Which three territories form Great Britain?,Wales,Northern Ireland,England,Scotland,Wales | England | Scotland,3,Geography,"Nations, capitals & geography of the UK",5,"‘Great Britain’ refers only to England, Scotland and Wales, not to Northern Ireland ."
6,https://lifeintheuktestweb.co.uk/british-citizenship-test-6/,7,How often are ’Prime Minister’s Questions’ held in the parliament?,Every day,Every week,Every two weeks,Once a month,Every week,1,Government & Politics,Parliament & how government works,6,Prime Minister’s Questions takes place every week while Parliament is sitting.
6,https://lifeintheuktestweb.co.uk/british-citizenship-test-6/,8,Which king was executed in 1649?,James I,Charles II,James VII,Charles I,Charles I,1,History,"Stuarts, Civil War & Restoration",6,The correct answer is Charles I .
6,https://lifeintheuktestweb.co.uk/british-citizenship-test-6/,9,Where was William Shakespeare born?,Manchester,Oldham,Stratford-upon-Avon,Lincolnshire,Stratford-upon-Avon,1,Culture & Society,Literature & writers,3,"Shakespeare was born in Stratford-upon-Avon , England."
6,https://lifeintheuktestweb.co.uk/british-citizenship-test-6/,10,Which two of the following are famous British Paralympians?,Dame Kelly Holmes,Baroness Tanni Grey-Thompson,Jayne Torvill,Ellie Simmonds,Baroness Tanni Grey-Thompson | Ellie Simmonds,2,Sport,Sport & sporting events,6,Baroness Tanni Grey-Thompson and Ellie Simmonds are the correct answers.
6,https://lifeintheuktestweb.co.uk/british-citizenship-test-6/,11,Who was reigning in England when English settlers first began to colonise the eastern coast of America?,Queen Victoria,Henry VIII,Elizabeth I,Charles II,Elizabeth I,1,History,"Empire, exploration, slavery & abolition",7,"In Elizabeth I ’s time, English settlers first began to colonise the eastern coast of America."
6,https://lifeintheuktestweb.co.uk/british-citizenship-test-6/,12,Scotland and Wales use a system called ‘individual registration’ where all those entitled to vote must complete their own registration form.,True,,False,,False,1,Government & Politics,Elections & voting,9,False. Northern Ireland uses a system called ‘individual registration’ and all those entitled to vote must complete their own registration form.
6,https://lifeintheuktestweb.co.uk/british-citizenship-test-6/,13,On what day is the birth of Jesus Christ celebrated?,Father’s Day,Christmas Day,New Year,Boxing Day,Christmas Day,1,Culture & Society,"Festivals, holidays & traditions",2,"Christmas Day , 25th of December, celebrates the birth of Jesus Christ."
6,https://lifeintheuktestweb.co.uk/british-citizenship-test-6/,14,"What sort of battle was the ’Battle of Britain’, fought between Germany and Britain in the summer of 1940?",A battle in the sea,An aerial battle,A battle in the mountains,A battle without rifles,An aerial battle,1,History,First & Second World Wars,4,‘The Battle of Britain’ was a crucial aerial battle fought between Germany and Britain in the summer of 1940.
6,https://lifeintheuktestweb.co.uk/british-citizenship-test-6/,15,Where is Swansea located?,England,Northern Ireland,Scotland,Wales,Wales,1,Geography,"Nations, capitals & geography of the UK",4,Swansea it is located in Wales .
6,https://lifeintheuktestweb.co.uk/british-citizenship-test-6/,16,Which two political parties formed a coalition in 2010?,The Conservative Party,The Green Party,The Labour Party,The Liberal Democrats Party,The Conservative Party | The Liberal Democrats Party,2,Government & Politics,Prime Ministers & political leaders,5,"In May 2010 the Conservative and Liberal Democrat parties formed a coalition and the leader of the Conservative Party, David Cameron, became Prime Minister."
6,https://lifeintheuktestweb.co.uk/british-citizenship-test-6/,17,Who established the Church of England?,Henry VIII,Oliver Cromwell,Winston Churchill,William of Orange,Henry VIII,1,History,Tudors & the Reformation,4,The correct answer is Henry VIII .
6,https://lifeintheuktestweb.co.uk/british-citizenship-test-6/,18,"In 1348, one third of the population in England, Wales and Scotland died as a result of which disease?",Measles,Leprosy,Smallpox,The Black Death,The Black Death,1,History,Norman Conquest & the Middle Ages,3,"In 1348, a disease, probably a form of plague, came to Britain. This was known as the Black Death . One third of the population of England died and a similar proportion in Scotland and Wales."
6,https://lifeintheuktestweb.co.uk/british-citizenship-test-6/,19,Haggis is a traditional food from which area?,Wales,England,Northern Ireland,Scotland,Scotland,1,Culture & Society,"Food, leisure & everyday life",2,Haggis is a traditional food from Scotland .
6,https://lifeintheuktestweb.co.uk/british-citizenship-test-6/,20,Which court deals with minor criminal offences in Scotland?,The Sheriff Court,The Magistrates’ Court,The Crown Court,The Justice of the Peace Court,The Justice of the Peace Court,1,Law & Justice,The legal system & courts,8,"In Scotland, minor criminal offences go to a Justice of the Peace Court ."
6,https://lifeintheuktestweb.co.uk/british-citizenship-test-6/,21,Which two of the following records give us information about England during the reign of William I?,The Magna Carta,The Domesday Book,The Bayeux Tapestry,The Canterbury Tales,The Domesday Book | The Bayeux Tapestry,2,History,Norman Conquest & the Middle Ages,6,The Domesday Book and the Bayeux Tapestry .
6,https://lifeintheuktestweb.co.uk/british-citizenship-test-6/,22,"In 1913, the British government promised ‘Home Rule’ for Ireland, why were changes in Ireland delayed until 1921?",Due to the outbreak of the First World War,Due to the outbreak of the Second World War,Because there was not a king on the British throne,Due to the outbreak of the Black Death,Due to the outbreak of the First World War,1,History,20th-century & post-war Britain,7,The outbreak of the First World War led the British government to postpone any changes in Ireland.
6,https://lifeintheuktestweb.co.uk/british-citizenship-test-6/,23,Which of the following statements is true:,Elizabeth I was a Protestant and she succeeded in finding a balance between the views of the Catholics and the more extreme Protestants.,Elizabeth I was a Catholic and she succeeded in finding a balance between the views of the Catholics and the more extreme Protestants.,,,Elizabeth I was a Protestant and she succeeded in finding a balance between the views of the Catholics and the more extreme Protestants.,1,History,Tudors & the Reformation,5,Elizabeth I was a Protestant and she succeeded in finding a balance between the views of the Catholics and the more extreme Protestants.
6,https://lifeintheuktestweb.co.uk/british-citizenship-test-6/,24,Which two documents do you need to apply for a National Insurance number?,"A document with your address on it, such as a tenancy agreement",Documents that prove that you have permission to work in the UK,A contract from your employer,Documents that prove your identity,Documents that prove that you have permission to work in the UK | Documents that prove your identity,2,Culture & Society,"Money, work, tax & public services",6,To apply for a National Insurance number you need documents that prove your identity and that you have permission to work in the UK .
7,https://lifeintheuktestweb.co.uk/british-citizenship-test-7/,1,"As a British citizen, you should:",Respect and obey the law,Vote in all elections,Take part in religious activities,Look after the area in which you live and the environment,Respect and obey the law | Look after the area in which you live and the environment,2,Values & Citizenship,Rights & responsibilities of citizens,5,As a British citizen you should respect and obey the law and look after the area in which you live and the environment are the correct answers.
7,https://lifeintheuktestweb.co.uk/british-citizenship-test-7/,2,When is Halloween celebrated?,5th of November,11th of November,31st of October,1st of April,31st of October,1,Culture & Society,"Festivals, holidays & traditions",1,Halloween is celebrated on the 31st of October .
7,https://lifeintheuktestweb.co.uk/british-citizenship-test-7/,3,The Bill of Rights in 1689 gave women the right to vote.,True,,False,,False,1,History,Glorious Revolution & Bill of Rights,3,"False . The Bill of Rights, 1689, confirmed the rights of Parliament and the limits of the king’s power."
7,https://lifeintheuktestweb.co.uk/british-citizenship-test-7/,4,What is the name of the most famous cricket competition played between England and Australia?,The Ashes,The Six Nations Championship,The Grand National,The Australian Open,The Ashes,1,Sport,Sport & sporting events,4,"The most famous cricket competition is the Ashes , which is a series of Test matches played between England and Australia."
7,https://lifeintheuktestweb.co.uk/british-citizenship-test-7/,5,What was the biggest source of employment during the 18th century?,Fishing,Teaching,Aircraft industry,Manufacturing,Manufacturing,1,History,Industrial Revolution & invention,6,"During the 18th century, manufacturing jobs became the main source of employment in Britain."
7,https://lifeintheuktestweb.co.uk/british-citizenship-test-7/,6,"In 1314 the Scottish, led by Robert the Bruce, defeated the English at the battle of Bannockburn, and Scotland remained unconquered by the English.",True,False,,,True,1,History,Norman Conquest & the Middle Ages,6,This statement is true .
7,https://lifeintheuktestweb.co.uk/british-citizenship-test-7/,7,Which of the following is an example of criminal offence?,Smoking in public places where it is not allowed,Disputes about faulty goods or services,Disputes about an unfair dismissal in the workplace,A dispute between the landlord and the tenants who have not paid the rent,Smoking in public places where it is not allowed,1,Law & Justice,The legal system & courts,6,Smoking in public places. It is against the law to smoke tobacco products in nearly every enclosed public place in the UK. There are signs displayed to tell you where you cannot smoke.
7,https://lifeintheuktestweb.co.uk/british-citizenship-test-7/,8,Which Scottish clan was killed for not taking the oath?,The MacLaine of Lochbuie,The McDowalls of Garthland,The Macpherson of Cluny,The MacDonalds of Glencoe,The MacDonalds of Glencoe,1,History,Glorious Revolution & Bill of Rights,8,The correct answer is the MacDonalds of Glencoe .
7,https://lifeintheuktestweb.co.uk/british-citizenship-test-7/,9,Which two issues can the devolved administrations pass laws on?,Defence,Social security,Health,Education,Health | Education,2,Government & Politics,Devolution & the devolved nations,6,"Policy and laws governing defence, foreign affairs, immigration, taxation and social security all remain under central UK government control. However, many other public services, such as health and education , are controlled by the devolved administrations."
7,https://lifeintheuktestweb.co.uk/british-citizenship-test-7/,10,The assassination of the Archduke Franz Ferdinand of Austria in 1914 led to which of the following wars?,The Crimean War,The First World War,The Civil War,The Second World War,The First World War,1,History,First & Second World Wars,4,"On 28 June 1914, Archduke Franz Ferdinand of Austria was assassinated. This set off a chain of events leading to the First World War (1914-18)."
7,https://lifeintheuktestweb.co.uk/british-citizenship-test-7/,11,What is the capital city of Scotland?,Glasgow,St Andrews,Edinburgh,Aberdeen,Edinburgh,1,Geography,"Nations, capitals & geography of the UK",2,The capital city of Scotland is Edinburgh.
7,https://lifeintheuktestweb.co.uk/british-citizenship-test-7/,12,In 1833 the Emancipation Act abolished slavery throughout the British Empire.,True,False,,,True,1,History,"Empire, exploration, slavery & abolition",5,This statement is true .
7,https://lifeintheuktestweb.co.uk/british-citizenship-test-7/,13,What is the name of the process by which many Scottish landlords destroyed individual small farms (known as ‘crofts’) to make space for large flocks of sheep and cattle?,The Black Death,The Corn Removal,The Highland Clearances,The Enlightenment,The Highland Clearances,1,History,Industrial Revolution & invention,7,A process began which became known as the ‘Highland Clearances’ . Many Scottish landlords destroyed individual small farms (known as ‘crofts’) to make space for large flocks of sheep and cattle.
7,https://lifeintheuktestweb.co.uk/british-citizenship-test-7/,14,The Falkland Islands are a British overseas territory and are part of the United Kingdom.,True,False,,,False,1,Geography,"Nations, capitals & geography of the UK",7,False . The Falkland Islands are a British overseas territory. They are also linked to the UK but are not part of it.
7,https://lifeintheuktestweb.co.uk/british-citizenship-test-7/,15,Which two of the following are Civil War Battles?,The Battle of Waterloo,The Battle of Marston Moor,The Battle of Naseby,The Battle of Agincourt,The Battle of Marston Moor | The Battle of Naseby,2,History,"Stuarts, Civil War & Restoration",7,The Battles of Marston Moor and Naseby .
7,https://lifeintheuktestweb.co.uk/british-citizenship-test-7/,16,What was the name of the activist group who fought for the women‘s right to vote?,Chartists,Beefeaters,Suffragettes,Quakers,Suffragettes,1,History,Suffrage & women's rights (Suffragettes),3,"In the late 19th and early 20th centuries, an increasing number of women campaigned and demonstrated for greater rights and, in particular, the right to vote. They formed the women’s suffrage movement and became known as the ‘suffragettes’ ."
7,https://lifeintheuktestweb.co.uk/british-citizenship-test-7/,17,What UK landmark was voted as Britain’s favourite view in 2007?,The Big Ben,Lake District,Snowdonia,The London Eye,Lake District,1,Geography,Landmarks & famous places,8,"In 2007, television viewers voted Wastwater (Lake District) as Britain’s favourite view."
7,https://lifeintheuktestweb.co.uk/british-citizenship-test-7/,18,Who were the first people to live in Britain in what we call the Stone Age?,Farmers,Peasants,Hunter-gatherers,Pirates,Hunter-gatherers,1,History,"Ancient, Roman & early Britain",4,The first people to live in Britain were hunter-gatherers .
7,https://lifeintheuktestweb.co.uk/british-citizenship-test-7/,19,What is the name of the movement against the authority of the Pope and the ideas of the Catholic Church that took place during the reign of Henry VIII?,The Reformation,The Enlightenment,The Glorious Revolution,The Renaissance,The Reformation,1,History,Tudors & the Reformation,5,The correct answer is the Reformation .
7,https://lifeintheuktestweb.co.uk/british-citizenship-test-7/,20,What do you need to do to apply for a National Insurance Number?,Contact the NHS,Contact the Department for Work and Pensions (DWP),Contact your local MP,Ask you employer to get it for you,Contact the Department for Work and Pensions (DWP),1,Culture & Society,"Money, work, tax & public services",6,"If you have permission to work in the UK, you will need to telephone the Department for Work and Pensions (DWP) to arrange to get a National Insurance number."
7,https://lifeintheuktestweb.co.uk/british-citizenship-test-7/,21,Which of the following is a major horse-racing event in England?,The Wimbledon Championship,Royal Ascot,The Open Championship,The Six Nations Championship,Royal Ascot,1,Sport,Sport & sporting events,4,"Famous horse-racing events include: Royal Ascot , a five-day race meeting in Berkshire attended by members of the Royal Family; the Grand National at Aintree near Liverpool; and the Scottish Grand National at Ayr."
7,https://lifeintheuktestweb.co.uk/british-citizenship-test-7/,22,How many members form a jury in Scotland?,12,14,15,20,15,1,Law & Justice,The legal system & courts,8,In Scotland a jury has 15 members .
7,https://lifeintheuktestweb.co.uk/british-citizenship-test-7/,23,What is known as Lent?,The 40 days before Christmas,The 40 days after Easter,The 40 days before Easter,The 40 days after Christmas,The 40 days before Easter,1,Culture & Society,"Festivals, holidays & traditions",5,The 40 days before Easter are known as Lent.
7,https://lifeintheuktestweb.co.uk/british-citizenship-test-7/,24,When was the last successful foreign invasion of England?,1415,1314,1066,1200,1066,1,History,Norman Conquest & the Middle Ages,4,The Norman Conquest was the last successful foreign invasion of England in 1066 .
8,https://lifeintheuktestweb.co.uk/british-citizenship-test-8/,1,World War II started as a result of Germany invading which country?,France,Russia,Poland,Austria,Poland,1,History,First & Second World Wars,3,The Second World War started when Hitler invaded Poland in 1939. Britain and France declared war in order to stop his aggression.
8,https://lifeintheuktestweb.co.uk/british-citizenship-test-8/,2,Which flower is associated with Scotland?,The Shamrock,The Rose,The Daffodil,The Thistle,The Thistle,1,Culture & Society,"Festivals, holidays & traditions",4,The flower associated with Scotland is the thistle .
8,https://lifeintheuktestweb.co.uk/british-citizenship-test-8/,3,Police complaints can only be made by writing to the Chief Constable of the police force involved.,True,,False,,False,1,Law & Justice,"Police, crime & punishment",5,"False . Anyone can make a complaint about the police by going to a police station and writing to the Chief Constable of the police force involved. Complaints can also be made to an independent body: the Independent Police Complaints Commission in England and Wales, the Police Complaints Commissioner for Scotland or the Police Ombudsman for Northern Ireland ."
8,https://lifeintheuktestweb.co.uk/british-citizenship-test-8/,4,Which of the following is a responsibility of the Home Secretary?,Economy,Crime,Education,Defence,Crime,1,Government & Politics,Parliament & how government works,6,"The Home Secretary is responsible for crime, policing and immigration ."
8,https://lifeintheuktestweb.co.uk/british-citizenship-test-8/,5,When is St David’s day celebrated?,1st March,17th March,23rd April,17th April,1st March,1,Culture & Society,Religion & patron saints,7,"St David’s day, patron of Wales, is celebrated on the 1st of March ."
8,https://lifeintheuktestweb.co.uk/british-citizenship-test-8/,6,"What happened to ‘Mary, Queen of Scots’ after she spent 20 years in prison?",She became Queen of England,She was sent to France,She escaped to Denmark,She was executed,She was executed,1,History,Tudors & the Reformation,5,"Mary was eventually executed , accused of plotting against Elizabeth I."
8,https://lifeintheuktestweb.co.uk/british-citizenship-test-8/,7,What did Francis Crick discover?,The MRI (magnetic resonance imaging) scanner,The jet engine,The IVF (in-vitro fertilisation) therapy,The structure of the DNA molecule,The structure of the DNA molecule,1,Culture & Society,Notable Britons & achievements,5,Francis Crick discovered the structure of the DNA molecule .
8,https://lifeintheuktestweb.co.uk/british-citizenship-test-8/,8,"Northern Ireland and Scotland have their own banknotes, which are valid everywhere in the UK.",True,,False,,True,1,Culture & Society,"Money, work, tax & public services",5,This statement is true .
8,https://lifeintheuktestweb.co.uk/british-citizenship-test-8/,9,"How many national parks are there in England, Wales and Scotland?",25,15,18,42,15,1,Geography,Landmarks & famous places,8,"There are 15 national parks in England, Wales and Scotland."
8,https://lifeintheuktestweb.co.uk/british-citizenship-test-8/,10,Is Northern Ireland part of Great Britain?,Yes,,No,,No,1,Geography,"Nations, capitals & geography of the UK",6,"‘Great Britain’ refers only to England, Scotland and Wales, not to Northern Ireland."
8,https://lifeintheuktestweb.co.uk/british-citizenship-test-8/,11,"If you are a dog owner, which two things should your dog’s collar have when you go out for a walk?",The owner’s address,The owner’s name,The dog’s breed,The dog’s name,The owner’s address | The owner’s name,2,Culture & Society,"Food, leisure & everyday life",5,All dogs in public places must wear a collar showing the name and address of the owner .
8,https://lifeintheuktestweb.co.uk/british-citizenship-test-8/,12,What day relates to the death of Jesus Christ?,Good Friday,Easter Sunday,Easter Monday,Ash Wednesday,Good Friday,1,Culture & Society,"Festivals, holidays & traditions",4,Easter takes place in March or April. It marks the death of Jesus Christ on Good Friday and his rising from the dead on Easter Sunday.
8,https://lifeintheuktestweb.co.uk/british-citizenship-test-8/,13,A responsibility of the MPs is to represent everyone in their _______.,County,Estate,District,Constituency,Constituency,1,Government & Politics,Parliament & how government works,5,A responsibility of the MPs is to represent everyone in their constituency .
8,https://lifeintheuktestweb.co.uk/british-citizenship-test-8/,14,What was achieved with the Magna Carta?,It restricted the King’s power,It increased the King’s power,It restricted the rights of the farmers,It increased women’s power,It restricted the King’s power,1,History,Magna Carta & early rights,4,"The Magna Carta established the idea that even the king was subject to the law. It protected the rights of the nobility and restricted the king’s power to collect taxes or to make and change laws. In future, the king would need to involve his noblemen in decisions."
8,https://lifeintheuktestweb.co.uk/british-citizenship-test-8/,15,Female genital mutilation (FGM) or taking a girl or woman abroad for FGM is illegal in the UK and it is a criminal offence.,True,,False,,True,1,Law & Justice,"Rights, equality & the law",3,This statement is true .
8,https://lifeintheuktestweb.co.uk/british-citizenship-test-8/,16,What year were women given the right to vote?,1918,1925,1949,1914,1918,1,History,Suffrage & women's rights (Suffragettes),7,"In 1918 , women over the age of 30 were given voting rights and the right to stand for Parliament, partly in recognition of the contribution women made to the war effort during the First World War."
8,https://lifeintheuktestweb.co.uk/british-citizenship-test-8/,17,Which two of the following are British overseas territories?,St Helena,Solomon Islands,Mauritius,The Falkland Islands,St Helena | The Falkland Islands,2,Geography,"Nations, capitals & geography of the UK",7,"There are several British overseas territories, such as St Helena and the Falkland Islands . They are linked to the UK but are not part of it."
8,https://lifeintheuktestweb.co.uk/british-citizenship-test-8/,18,Who did the English defeat in 1588?,The Normans,The Romans,The Spanish Armada,The Saxons,The Spanish Armada,1,History,Tudors & the Reformation,4,In 1588 the English defeated the Spanish Armada (a large fleet of ships).
8,https://lifeintheuktestweb.co.uk/british-citizenship-test-8/,19,Who designed the Cenotaph?,Sir Norman Foster,Lancelot ‘Capability’ Brown,Sir Edwin Lutyens,Isambard Kingdom Brunel,Sir Edwin Lutyens,1,Culture & Society,Architecture & famous buildings,9,"Sir Edwin Lutyens was responsible for designing many war memorials throughout the world, including the Cenotaph in Whitehall."
8,https://lifeintheuktestweb.co.uk/british-citizenship-test-8/,20,How often are the members of the Welsh government elected?,Every 5 years,Every 2 years,Every 4 years,Every 3 years,Every 4 years,1,Government & Politics,Devolution & the devolved nations,7,There are 60 members of the Welsh government or members of the Senedd (SMs) and elections are held every four years using a form of proportional representation.
8,https://lifeintheuktestweb.co.uk/british-citizenship-test-8/,21,During which period did the Beatles become popular and social laws were liberalised?,1960s,1970s,1980s,1950s,1960s,1,History,20th-century & post-war Britain,3,"The decade of the 1960s was a period of significant social change. It was known as the ‘swinging sixties’. There was growth in British fashion, cinema and popular music. Two well-known pop music groups at the time were The Beatles and The Rolling Stones. It was also a time when social laws were liberalised, for example in relation to divorce and to abortion in England, Wales and Scotland. The position of women in the workplace also improved."
8,https://lifeintheuktestweb.co.uk/british-citizenship-test-8/,22,The Man Booker Prize is awarded in which of the following categories?,Films,Sport,Literature,Music,Literature,1,Culture & Society,Literature & writers,4,"The Man Booker Prize for Fiction is awarded annually for the best fiction novel (literature) written by an author from the Commonwealth, Ireland or Zimbabwe. It has been awarded since 1968. Past winners include Ian McEwan, Hilary Mantel and Julian Barnes."
8,https://lifeintheuktestweb.co.uk/british-citizenship-test-8/,23,What sort of election takes place when a member of the Parliament (MP) dies or resigns?,Coalition,Pre-selection,Random selection,By-election,By-election,1,Government & Politics,Elections & voting,5,"If an MP dies or resigns, there will be a fresh election, called a by-election , in his or her constituency."
8,https://lifeintheuktestweb.co.uk/british-citizenship-test-8/,24,What is the Turner Prize?,A literature award,A music award,A contemporary art award,A theatre award,A contemporary art award,1,Culture & Society,"Music, art & the performing arts",5,The Turner Prize was established in 1984 and celebrates contemporary art . The Turner Prize is recognised as one of the most prestigious visual art awards in Europe.
9,https://lifeintheuktestweb.co.uk/british-citizenship-test-9/,1,Which flower is associated with Northern Ireland?,The daffodil,The thistle,The shamrock,The rose,The shamrock,1,Culture & Society,"Festivals, holidays & traditions",4,The flower associated with Northern Ireland is the shamrock .
9,https://lifeintheuktestweb.co.uk/british-citizenship-test-9/,2,The last battle between Britain and France was the battle of Waterloo.,True,False,,,True,1,History,Industrial Revolution & invention,5,This statement is true .
9,https://lifeintheuktestweb.co.uk/british-citizenship-test-9/,3,£100 is the highest value note in circulation in the UK.,True,,False,,False,1,Culture & Society,"Money, work, tax & public services",4,This statement is false .
9,https://lifeintheuktestweb.co.uk/british-citizenship-test-9/,4,Where is the Lake District National Park located?,Scotland,Wales,England,Northern Ireland,England,1,Geography,Landmarks & famous places,4,Lake District is in England .
9,https://lifeintheuktestweb.co.uk/british-citizenship-test-9/,5,Which two responsibilities will you have as a British citizen?,To buy food locally,To volunteer in a community project at least once a year,To look after yourself and your family,"To respect the rights of others, including their right to their own opinions","To look after yourself and your family | To respect the rights of others, including their right to their own opinions",2,Values & Citizenship,Rights & responsibilities of citizens,4,"If you wish to be a permanent resident or citizen of the UK, you should: respect and obey the law, look after yourself and your family , respect the rights of others, including their right to their own opinions, treat others with fairness and look after the area in which you live and the environment."
9,https://lifeintheuktestweb.co.uk/british-citizenship-test-9/,6,Who was born in Stratford-upon-Avon?,Jane Austen,Charles Dickens,William Shakespeare,Thomas Hardy,William Shakespeare,1,Culture & Society,Literature & writers,3,"William Shakespeare was born in Stratford-upon-Avon, England."
9,https://lifeintheuktestweb.co.uk/british-citizenship-test-9/,7,Why is 1928 an important year in women’s voting history?,"Women were given the right to vote at the age of 18, the same as men.",Women were given the right to vote at the age of 25.,Women were given the right to vote at the age of 30.,"Women were given the right to vote at the age of 21, the same as men.","Women were given the right to vote at the age of 21, the same as men.",1,History,Suffrage & women's rights (Suffragettes),8,"Women were given the right to vote at the age of 21, the same as men."
9,https://lifeintheuktestweb.co.uk/british-citizenship-test-9/,8,What does Hogmanay refer to?,Christmas Day in Wales,New Year’s Eve in Scotland,Christmas Day in Scotland,New Year’s Eve in Wales,New Year’s Eve in Scotland,1,Culture & Society,"Festivals, holidays & traditions",5,"In Scotland, the 31st of December (New Year’s Eve) is called Hogmanay."
9,https://lifeintheuktestweb.co.uk/british-citizenship-test-9/,9,What is the capital city of Northern Ireland?,Cork,Edinburgh,Belfast,Dublin,Belfast,1,Geography,"Nations, capitals & geography of the UK",4,The capital city of Northern Ireland is Belfast .
9,https://lifeintheuktestweb.co.uk/british-citizenship-test-9/,10,Which of the following wars took place between 1899 and 1902 in South Africa?,The Hundred Years War,The Boer War,The First World War,The Crimean War,The Boer War,1,History,"Empire, exploration, slavery & abolition",6,The Boer War .
9,https://lifeintheuktestweb.co.uk/british-citizenship-test-9/,11,Northern Ireland uses a system called ‘individual registration’ and all those entitled to vote must complete their own registration form.,True,,False,,True,1,Government & Politics,Elections & voting,7,This statement is True .
9,https://lifeintheuktestweb.co.uk/british-citizenship-test-9/,12,Which two of the following policies are not controlled by the devolved administrations?,Health,Education,Defence,Immigration,Defence | Immigration,2,Government & Politics,Devolution & the devolved nations,6,"Policy and laws governing defence, foreign affairs, immigration, taxation and social security all remain under central UK government control. However, many other public services, such as education, are controlled by the devolved administrations."
9,https://lifeintheuktestweb.co.uk/british-citizenship-test-9/,13,"How old do citizens of the UK, the Irish Republic or the Commonwealth have to be to stand for public office?",18,21,16,25,18,1,Government & Politics,Elections & voting,6,"Most citizens of the UK, the Irish republic or the Commonwealth aged 18 or over can stand for public office. There are some exceptions, including: members of the armed forces, civil servants and people found guilty of certain criminal offences."
9,https://lifeintheuktestweb.co.uk/british-citizenship-test-9/,14,How did the Government promote policies of free trade during the Victorian Age?,Abolishing a number of taxes on imported goods,Abolishing the exportation of local produce,Preventing the importation of cheap raw materials,Preventing the importation of cheap grain,Abolishing a number of taxes on imported goods,1,History,Industrial Revolution & invention,7,"During Victorian times, the government began to promote policies of free trade, abolishing a number of taxes on imported goods . One example of this was the repealing of the Corn Laws in 1846. These had prevented the import of cheap grain. The reforms helped the development of the British industry, because raw materials could now be imported cheaply."
9,https://lifeintheuktestweb.co.uk/british-citizenship-test-9/,15,Who was Admiral Nelson?,One of the tribal leaders who fought against the Romans,A British officer in charge of the British army at the Battle of Waterloo,A British general who established the authority of the English Parliament,A British officer in charge of the British fleet at the Battle of Trafalgar against the Spanish fleet,A British officer in charge of the British fleet at the Battle of Trafalgar against the Spanish fleet,1,History,Notable Britons & achievements,5,Admiral Nelson was in charge of the British fleet at the Battle of Trafalgar against the Spanish fleet and was killed in the battle.
9,https://lifeintheuktestweb.co.uk/british-citizenship-test-9/,16,"During the Middle Ages, who were the serfs?",Peasants who had a small area of their lord’s agricultural land,Soldiers who fought at the Battle of Trafalgar,Noblemen who formed part of the king’s council of advisers,A group of skilled people from Holland who came to England during the Middle Ages,Peasants who had a small area of their lord’s agricultural land,1,History,Norman Conquest & the Middle Ages,4,Serfs were peasants who had a small area of their lord’s land where they could grow food .
9,https://lifeintheuktestweb.co.uk/british-citizenship-test-9/,17,Which invention lead to the rapid development of the industry in Britain during the 18th and 19th centuries?,The Radar,The Steam Power,The Jet Engine,The Turing Machine,The Steam Power,1,History,Industrial Revolution & invention,3,The Industrial Revolution was the rapid development of industry in Britain in the 18th and 19th centuries. Britain was the first country to industrialise on a large scale. It happened because of the development of machinery and the use of steam power .
9,https://lifeintheuktestweb.co.uk/british-citizenship-test-9/,18,MPs can only be contacted by post.,True,,False,,False,1,Government & Politics,Parliament & how government works,2,"False . You can contact MPs by letter or telephone at their constituency office, or at their office in the House of Commons. In addition, many MPs, Assembly members, MSPs and MEPs hold regular local ‘surgeries’, where constituents can go in person to talk about issues that are of concern to them."
9,https://lifeintheuktestweb.co.uk/british-citizenship-test-9/,19,What movement challenged the authority of the Pope?,The Swinging Sixties,The Reformation,The Suffragettes,The Enlightenment,The Reformation,1,History,Tudors & the Reformation,4,The Reformation was a movement against the authority of the Pope and the ideas and practices of the Roman Catholic Church.
9,https://lifeintheuktestweb.co.uk/british-citizenship-test-9/,20,What English King introduced the Domesday Book?,King Henry V,King Henry IV,William the Conqueror,"Harold, the Saxon king of England",William the Conqueror,1,History,Norman Conquest & the Middle Ages,5,"William the Conqueror sent people all over England to draw up lists of all the towns and villages. The people who lived there, who owned the land and what animals they owned were also listed. This was called the Domesday Book."
9,https://lifeintheuktestweb.co.uk/british-citizenship-test-9/,21,What did ’the Butler Act’ introduce in 1944?,"Free primary education in England, Wales and Scotland","Free university fees in England, Wales, Scotland and Northern Ireland","Free primary and secondary education in England, Wales and Scotland",Free secondary education in England and Wales,Free secondary education in England and Wales,1,History,20th-century & post-war Britain,8,"Richard Austen Butler became a Conservative MP in 1923 and held several positions before becoming responsible for education in 1941. In this role, he oversaw the introduction of the Education Act 1944 (often called ‘The Butler Act’), which introduced free secondary education in England and Wales ."
9,https://lifeintheuktestweb.co.uk/british-citizenship-test-9/,22,What is the small claims procedure?,An informal way of helping people to settle minor disputes without spending a lot of time and money using a lawyer,A procedure that helps people to make small home insurance claims in certain circumstances,,,An informal way of helping people to settle minor disputes without spending a lot of time and money using a lawyer,1,Law & Justice,The legal system & courts,4,The small claims procedure is an informal way of helping people to settle minor disputes without spending a lot of time and money using a lawyer .
9,https://lifeintheuktestweb.co.uk/british-citizenship-test-9/,23,What building was constructed in Hyde Park to hold the Great Exhibition of 1851?,The Crystal Palace,Buckingham Palace,Kensington Palace,Apsley House,The Crystal Palace,1,History,Industrial Revolution & invention,6,"In 1851, the Great Exhibition opened in Hyde Park in the Crystal Palace , a huge building made of steel and glass. Exhibits ranged from huge machines to handmade goods."
9,https://lifeintheuktestweb.co.uk/british-citizenship-test-9/,24,Who was Florence Nightingale?,An economist,A painter,A nurse,A poet,A nurse,1,Culture & Society,Notable Britons & achievements,2,Florence Nightingale was a nurse . She is often regarded as the founder of modern nursing .
10,https://lifeintheuktestweb.co.uk/british-naturalization-test-10/,1,Who is the patron Saint of England?,St George,St Patrick,St David,St Andrew,St George,1,Culture & Society,Religion & patron saints,3,The patron Saint of England is St George .
10,https://lifeintheuktestweb.co.uk/british-naturalization-test-10/,2,Where is Loch Lomond and the Trossachs National Park located?,England,Wales,Scotland,Northern Ireland,Scotland,1,Geography,Landmarks & famous places,3,Loch Lomond and the Trossachs National Park is located in the west of Scotland .
10,https://lifeintheuktestweb.co.uk/british-naturalization-test-10/,3,Wales has its own established church.,True,,False,,False,1,Culture & Society,Religion & patron saints,7,False . There is no established Church in Wales or Northern Ireland.
10,https://lifeintheuktestweb.co.uk/british-naturalization-test-10/,4,What stories are associated with Geoffrey Chaucer?,The Cambridge Tales,The Eastbourne Tales,The Canterbury Tales,The London Tales,The Canterbury Tales,1,Culture & Society,Literature & writers,4,Geoffrey Chaucer wrote a series of poems in English about a group of people going to Canterbury on a pilgrimage. This collection of poems is called The Canterbury Tales .
10,https://lifeintheuktestweb.co.uk/british-naturalization-test-10/,5,When is Boxing Day celebrated?,31st October,26th December,24th December,01st January,26th December,1,Culture & Society,"Festivals, holidays & traditions",2,Boxing Day is the day after Christmas Day (26th December) and is a public holiday.
10,https://lifeintheuktestweb.co.uk/british-naturalization-test-10/,6,What is the name of the holiday when banks and many other businesses are closed for the day?,Credit Holidays,Branch Holidays,Bank Holidays,Business Holidays,Bank Holidays,1,Culture & Society,"Festivals, holidays & traditions",2,"There are public holidays each year called bank holidays , when banks and many other businesses are closed for the day."
10,https://lifeintheuktestweb.co.uk/british-naturalization-test-10/,7,Why were women given the right to vote?,In recognition of the contribution women made to the war effort during the First World War,In recognition of the contribution women made to the war effort during the Second World War,In recognition of the contribution women made to the war effort during the Crimean War,In recognition of the contribution women made to the war effort during the Civil War,In recognition of the contribution women made to the war effort during the First World War,1,History,Suffrage & women's rights (Suffragettes),6,"In 1918, women over the age of 30 were given voting rights and the right to stand for Parliament, partly in recognition of the contribution women made to the war effort during the First World War ."
10,https://lifeintheuktestweb.co.uk/british-naturalization-test-10/,8,What do you need to drive in the UK?,An ‘L’ plate,A National Insurance Number,A valid driving licence,An ‘R’ plate,A valid driving licence,1,Culture & Society,"Food, leisure & everyday life",2,"In the UK, you must have a driving licence to drive on public roads."
10,https://lifeintheuktestweb.co.uk/british-naturalization-test-10/,9,Where does “the Fringe” festival take place?,Fraserburgh,Edinburgh,Inverness,St Andrews,Edinburgh,1,Culture & Society,"Festivals, holidays & traditions",4,"The Edinburgh Festival takes place in Edinburgh , Scotland, every summer. It is a series of different arts and cultural festivals, with the biggest and most well-known being the Edinburgh Festival Fringe (‘the Fringe’)."
10,https://lifeintheuktestweb.co.uk/british-naturalization-test-10/,10,How many members does the Welsh government have?,150,120,90,60,60,1,Government & Politics,Devolution & the devolved nations,8,There are 60 members of the Welsh government or members of the Senedd (SMs) and elections are held every four years using a form of proportional representation.
10,https://lifeintheuktestweb.co.uk/british-naturalization-test-10/,11,The names or photographs of young people found guilty of a crime can be published in newspapers or used by the media.,True,,False,,False,1,Law & Justice,"Police, crime & punishment",5,"False . Members of the public are not allowed in Youth Courts, and the name or photographs of the accused young person cannot be published in newspapers or used by the media ."
10,https://lifeintheuktestweb.co.uk/british-naturalization-test-10/,12,What was Edward Elgar famous for?,He was a musician,He was a tennis player,He was a comedian,He was an actor,He was a musician,1,Culture & Society,"Music, art & the performing arts",5,Sir Edward Elgar (1857-1934) was a musician . His best known work is probably the Pomp and Circumstance Marches. March No1 (Land of Hope and Glory) is usually played at the Last Night of the Proms at the Royal Albert Hall.
10,https://lifeintheuktestweb.co.uk/british-naturalization-test-10/,13,Which of the following is not a British banknote?,£50,£25,£20,£5,£25,1,Culture & Society,"Money, work, tax & public services",3,There are no £25 notes in the UK.
10,https://lifeintheuktestweb.co.uk/british-naturalization-test-10/,14,Where does the Scottish Grand National take place?,Fife,Edinburgh,Ayr,St Andrews,Ayr,1,Sport,Sport & sporting events,8,The Scottish Grand National takes place at Ayr .
10,https://lifeintheuktestweb.co.uk/british-naturalization-test-10/,15,The laws passed after the Glorious Revolution marked the beginning of the ______.,Constitutional monarchy,,Constitutional republic,,Constitutional monarchy,1,History,Glorious Revolution & Bill of Rights,4,The laws passed after the Glorious Revolution marked the beginning of the constitutional monarchy .
10,https://lifeintheuktestweb.co.uk/british-naturalization-test-10/,16,"During the reign of Elizabeth I, a large fleet of ships was sent to England to conquer the country and to restore Catholicism, where did this fleet come from?",France,Portugal,Spain,Italy,Spain,1,History,Tudors & the Reformation,4,"Elizabeth I became one of the most popular monarchs in English history, particularly after 1588, when the English defeated the Spanish Armada (a large fleet of ships), which had been sent by Spain to conquer England and restore Catholicism."
10,https://lifeintheuktestweb.co.uk/british-naturalization-test-10/,17,What did the Habeas Corpus Act introduce?,That every prisoner has a right to a court hearing,A salary for members of Parliament (MPs),"Financial help for the unemployed, old-age pensions and free school meals",Measures to improve the conditions of workers,That every prisoner has a right to a court hearing,1,History,"Stuarts, Civil War & Restoration",7,The Habeas Corpus Act became law in 1679. This was a very important piece of legislation which remains relevant today. Habeas corpus is Latin for ‘you must present the person in court’. The Act guaranteed that no one could be held prisoner unlawfully. Every prisoner has a right to a court hearing.
10,https://lifeintheuktestweb.co.uk/british-naturalization-test-10/,18,What did Emmeline Pankhurst fight for?,The right to liberty and security,The right for women to vote,Freedom of expression,The right to a fair trial,The right for women to vote,1,History,Suffrage & women's rights (Suffragettes),4,"Emmeline Pankhurst she set up the women’s Franchise League in 1889, which fought to get the vote in local elections for married women. In 1903 she helped found the Women’s Social and Political Union (WSPU). This was the first group whose members were called ‘suffragettes’. The group used civil disobedience as part of their protest to gain the vote for women . In 1918, women over the age of 30 were given voting rights and the right to stand for Parliament, partly in recognition of the contribution women made to the war effort during the First World War."
10,https://lifeintheuktestweb.co.uk/british-naturalization-test-10/,19,What is “the Proms”?,"An annual event that gives awards in a range of categories, such as best British group and best British solo artist","An annual cultural festival which includes music, dance, art and original performances largely in Welsh",An eight-week summer season of daily orchestral classical music concerts,Light-hearted plays with music and comedy,An eight-week summer season of daily orchestral classical music concerts,1,Culture & Society,"Music, art & the performing arts",5,"The Proms is an eight-week summer season of orchestral classical music that takes place in various venues, including the Royal Albert Hall in London."
10,https://lifeintheuktestweb.co.uk/british-naturalization-test-10/,20,What was Isaac Newton known for?,The discovery of insulin,The discovery of gravity,The discovery of penicillin,The discovery of steam power,The discovery of gravity,1,History,"Enlightenment, science & discovery",2,"Newton‘s most famous published work was Philosophiae Naturalis Principia Mathematica (‘Mathematical Principle of Natural Philosophy’), which showed how gravity applied to the whole universe."
10,https://lifeintheuktestweb.co.uk/british-naturalization-test-10/,21,When did the WWI come to an end?,In 1922,In 1918,In 1945,In 1943,In 1918,1,History,First & Second World Wars,3,The World War I ended in 1918 .
10,https://lifeintheuktestweb.co.uk/british-naturalization-test-10/,22,Who built a wall in the north of England to keep out the Picts (ancestors of the Scottish people)?,Boudicca,Emperor Hadrian,Emperor Claudius,Julius Caesar,Emperor Hadrian,1,History,"Ancient, Roman & early Britain",4,The Emperor Hadrian built a wall in the north of England to keep out the Picts (ancestors of the Scottish people).
10,https://lifeintheuktestweb.co.uk/british-naturalization-test-10/,23,Which two universities participate in an annual rowing race that takes place on the River Thames?,The University of Oxford,The University of Cambridge,The University of Manchester,The University of Warwick,The University of Oxford | The University of Cambridge,2,Sport,Sport & sporting events,3,"Rowing is also popular, both as a leisure activity and as a competitive sport. There is a popular yearly race on the Thames between Oxford and Cambridge Universities ."
10,https://lifeintheuktestweb.co.uk/british-naturalization-test-10/,24,Does Britain have a written constitution?,Yes,,No,,No,1,Government & Politics,Parliament & how government works,5,"The British constitution is not written down in any single document, and therefore it is described as ‘unwritten’ ."
11,https://lifeintheuktestweb.co.uk/audio-british-citizenship-test-11/,1,Is St Helena part of the UK?,Yes,,No,,No,1,Geography,"Nations, capitals & geography of the UK",6,"British overseas territories, such as St Helena and the Falkland Islands are linked to the UK but are not part of it ."
11,https://lifeintheuktestweb.co.uk/audio-british-citizenship-test-11/,2,Where is Theatreland?,Docklands,London’s East End,London’s West End,London’s South End,London’s West End,1,Geography,Landmarks & famous places,4,"London’s West End , also known as ‘Theatreland’, is particularly well known for its theatres."
11,https://lifeintheuktestweb.co.uk/audio-british-citizenship-test-11/,3,What is the name of the UK currency?,Euro,Pound Sterling,Peso,Dollar,Pound Sterling,1,Culture & Society,"Money, work, tax & public services",1,The currency in the UK is the pound sterling (symbol £).
11,https://lifeintheuktestweb.co.uk/audio-british-citizenship-test-11/,4,What other name is given to Diwali?,The Festival of Lights,Ash Wednesday,Good Friday,Easter Monday,The Festival of Lights,1,Culture & Society,"Festivals, holidays & traditions",3,Diwali is often called the Festival of Lights .
11,https://lifeintheuktestweb.co.uk/audio-british-citizenship-test-11/,5,What is the Enlightenment?,A period of total peace in England,"A period when new ideas about politics, philosophy and science were developed",A period when England became the largest empire the world had ever seen,A period of economic recovery after the Second World War,"A period when new ideas about politics, philosophy and science were developed",1,History,"Enlightenment, science & discovery",4,"The Enlightenment was a period during the 18th century when new ideas about politics, philosophy and science were developed ."
11,https://lifeintheuktestweb.co.uk/audio-british-citizenship-test-11/,6,Which of the following charities helps the environment?,NSPCC,Shelter,Friends of the Earth,Crisis,Friends of the Earth,1,Culture & Society,"Food, leisure & everyday life",4,Friends of the Earth is an environmental charity.
11,https://lifeintheuktestweb.co.uk/audio-british-citizenship-test-11/,7,Which of the following was a crucial aerial battle fought between Germany and Britain during WWII?,The Battle of Britain,The Battle of Worcester,The Battle of Dunbar,The Battle of Marston Moor,The Battle of Britain,1,History,First & Second World Wars,3,The correct answer is the Battle of Britain .
11,https://lifeintheuktestweb.co.uk/audio-british-citizenship-test-11/,8,What was Margaret Thatcher famous for?,She fought for the right to vote for women,She was the first woman Prime Minister of the UK,She set up the women’s Franchise League,She was the founder of modern nursing,She was the first woman Prime Minister of the UK,1,Government & Politics,Prime Ministers & political leaders,2,Margaret Thatcher was the first woman Prime Minister of the UK .
11,https://lifeintheuktestweb.co.uk/audio-british-citizenship-test-11/,9,Which two languages combined to become one English language?,Latin,Anglo-Saxon,Proto-Celtic,Norman French,Anglo-Saxon | Norman French,2,History,Norman Conquest & the Middle Ages,6,"After the Norman Conquest, the king and his noblemen had spoken Norman French and the peasants had continued to speak Anglo-Saxon . Gradually these two languages combined to become one English language."
11,https://lifeintheuktestweb.co.uk/audio-british-citizenship-test-11/,10,"By law, radio and television coverage of the political parties must be balanced and so equal time has to be given to rival viewpoints.",True,False,,,True,1,Culture & Society,"Film, TV & media",5,This statement is true .
11,https://lifeintheuktestweb.co.uk/audio-british-citizenship-test-11/,11,Where did the Spanish Armada come from?,France,Spain,Italy,South America,Spain,1,History,Tudors & the Reformation,2,"In 1588 the English defeated the Spanish Armada (a large fleet of ships), which had been sent by Spain to conquer England and restore Catholicism."
11,https://lifeintheuktestweb.co.uk/audio-british-citizenship-test-11/,12,What is the name of the War Memorial located in Whitehall?,Dumfries,Cenotaph,Royal Crescent,The White Tower,Cenotaph,1,Geography,Landmarks & famous places,6,The Cenotaph is a war memorial located in Whitehall.
11,https://lifeintheuktestweb.co.uk/audio-british-citizenship-test-11/,13,The UK government has never suspended the Northern Ireland Assembly.,True,,False,,False,1,Government & Politics,Devolution & the devolved nations,6,False . The Northern Ireland Assembly has been suspended on a few occasions.
11,https://lifeintheuktestweb.co.uk/audio-british-citizenship-test-11/,14,What kind of church did Scotland establish in 1560?,A Catholic church,A Protestant church,,,A Protestant church,1,History,Tudors & the Reformation,6,"In 1560, the predominantly Protestant Scottish Parliament abolished the authority of the Pope in Scotland and Roman Catholic religious services became illegal. A Protestant Church of Scotland with an elected leadership was established but, unlike in England, this was not a state Church."
11,https://lifeintheuktestweb.co.uk/audio-british-citizenship-test-11/,15,When was the Domesday Book written?,After the Viking invasion,After the Norman conquest,After the last Roman invasion,After the Anglo-Saxon invasion,After the Norman conquest,1,History,Norman Conquest & the Middle Ages,5,"William the conqueror sent people all over England to draw up lists of all the towns and villages. The people who lived there, who owned the land and what animals they owned were also listed. This was called the Domesday Book, which gives a picture of society in England just after the Norman Conquest ."
11,https://lifeintheuktestweb.co.uk/audio-british-citizenship-test-11/,16,The Northern Ireland Assembly cannot make decisions on which two of the following issues?,Immigration,Education,Agriculture,Defence,Immigration | Defence,2,Government & Politics,Devolution & the devolved nations,7,"The Northern Ireland Assembly can make decisions on issues such as: education, agriculture, the environment health and social services, but it cannot make decisions on immigration or defence issues."
11,https://lifeintheuktestweb.co.uk/audio-british-citizenship-test-11/,17,What should you do to make a complaint about the police (choose two answers)?,Write a complaint letter to the House of Commons,Go to the Police station directly,Write to the Chief Constable of the police force involved,Write to your MP,Go to the Police station directly | Write to the Chief Constable of the police force involved,2,Law & Justice,"Police, crime & punishment",5,"Anyone can make a complaint about the police by going to a police station and writing to the Chief Constable of the police force involved . Complaints can also be made to an independent body: the Independent Police Complaints Commission in England and Wales, the Police Complaints Commissioner for Scotland or the Police Ombudsman for Northern Ireland."
11,https://lifeintheuktestweb.co.uk/audio-british-citizenship-test-11/,18,What flower did William Wordsworth write about?,Rose,Daffodil,Thistle,Shamrock,Daffodil,1,Culture & Society,Literature & writers,5,William Wordsworth wrote ‘The Daffodils’ .
11,https://lifeintheuktestweb.co.uk/audio-british-citizenship-test-11/,19,When is St Andrew’s day celebrated?,17th April,31st December,1st March,30th November,30th November,1,Culture & Society,"Festivals, holidays & traditions",7,"St Andrew’s day, patron of Scotland, is celebrated on the 30th of November ."
11,https://lifeintheuktestweb.co.uk/audio-british-citizenship-test-11/,20,Who was the architect that rebuilt Saint Paul’s cathedral after the Great Fire in 1666?,Robert Adam,Sir Christopher Wren,Sir Norman Foster,Dame Zaha Hadid,Sir Christopher Wren,1,Culture & Society,Architecture & famous buildings,5,"In 1666, a great fire destroyed much of the city, including many churches and St Paul’s Cathedral. London was rebuilt with a new St Paul\\\\\\\'s, which was designed by a famous architect, Sir Christopher Wren ."
11,https://lifeintheuktestweb.co.uk/audio-british-citizenship-test-11/,21,When were the first coins in Britain made?,The Stone Age,The Bronze Age,The Iron Age,The Middle Ages,The Iron Age,1,History,"Ancient, Roman & early Britain",7,The people of the Iron Age made the first coins to be minted in Britain.
11,https://lifeintheuktestweb.co.uk/audio-british-citizenship-test-11/,22,Who was Emmeline Pankhurst?,A suffragette,A nurse,A doctor,A scientist,A suffragette,1,History,Suffrage & women's rights (Suffragettes),4,"Emmeline Pankhurst was born in Manchester in 1858. She set up the women’s Franchise League in 1889, which fought to get the vote in local elections for married women. In 1903 she helped found the Women’s Social and Political Union (WSPU). This was the first group whose members were called ‘suffragettes’ ."
11,https://lifeintheuktestweb.co.uk/audio-british-citizenship-test-11/,23,Who did Britain fight against in the Crimean War?,Turkey,Russia,France,Germany,Russia,1,History,"Empire, exploration, slavery & abolition",6,"From 1853 to 1856, Britain fought with Turkey and France against Russia in the Crimean War."
11,https://lifeintheuktestweb.co.uk/audio-british-citizenship-test-11/,24,How old do you have to be to buy alcohol in the UK?,17,18,19,20,18,1,Culture & Society,"Food, leisure & everyday life",2,It is a criminal offence to sell alcohol to anyone who is under 18 or to buy alcohol for people who are under the age of 18 . (There is one exception: people aged 16 or over can drink alcohol with a meal in a hotel or restaurant).
12,https://lifeintheuktestweb.co.uk/british-citizenship-test-practice-questions-12/,1,Which of the following is a Crown Dependency but not part of the UK?,Shetland,Isle of Wight,Isle of Man,Anglesey,Isle of Man,1,Geography,"Nations, capitals & geography of the UK",6,The Channel Islands and the Isle of Man are closely linked with the UK but are not part of it. They have their own governments and are called ‘Crown dependencies‘.
12,https://lifeintheuktestweb.co.uk/british-citizenship-test-practice-questions-12/,2,Is the BBC controlled by the government?,Yes,,No,,No,1,Culture & Society,"Film, TV & media",5,The BBC is the largest broadcaster in the world. It is the only wholly state-funded media organisation that is independent of government .
12,https://lifeintheuktestweb.co.uk/british-citizenship-test-practice-questions-12/,3,How many members does the Northern Ireland Assembly have?,12,60,90,108,90,1,Government & Politics,Devolution & the devolved nations,8,"The Northern Ireland Assembly has 90 elected members, known as MLAs (members of the Legislative Assembly)."
12,https://lifeintheuktestweb.co.uk/british-citizenship-test-practice-questions-12/,4,Who was in charge of the British fleet at the Battle of Trafalgar?,Oliver Cromwell,The Duke of Wellington,Robert the Bruce,Admiral Nelson,Admiral Nelson,1,History,Notable Britons & achievements,5,Admiral Nelson was in charge of the British fleet at Trafalgar and was killed in the battle.
12,https://lifeintheuktestweb.co.uk/british-citizenship-test-practice-questions-12/,5,What was inscribed in the first coins to be minted in Britain during the Iron Age?,The names of Iron Age kings,The names of Iron Age Gods,The names of trees,The names of animals,The names of Iron Age kings,1,History,"Ancient, Roman & early Britain",9,"The people of the Iron Age made the first coins to be minted in Britain, some inscribed with the names of Iron Age kings ."
12,https://lifeintheuktestweb.co.uk/british-citizenship-test-practice-questions-12/,6,"Towns, cities and rural areas in the UK are governed by government appointed officials.",True,,False,,False,1,Government & Politics,Parliament & how government works,5,"False .Towns, cities and rural areas in the UK are governed by democratically elected councils , often called ‘local authorities‘."
12,https://lifeintheuktestweb.co.uk/british-citizenship-test-practice-questions-12/,7,Where is the Tate Art Gallery located?,Glasgow,Cardiff,London,Belfast,London,1,Culture & Society,"Music, art & the performing arts",4,The Tate Britain and Tate Modern are in London .
12,https://lifeintheuktestweb.co.uk/british-citizenship-test-practice-questions-12/,8,The version of the Bible created by King James I is known as:,Authorised version,Reformed version,Approved version,Unique version,Authorised version,1,Culture & Society,Religion & patron saints,6,One achievement of King James‘ reign was a new translation of the Bible into English. This translation is known as the ‘King James Version‘ or the ‘ Authorised Version ‘.
12,https://lifeintheuktestweb.co.uk/british-citizenship-test-practice-questions-12/,9,What is the period of the 1960s known for?,A downgrade in manufacturing,A growth in British fashion and pop music,A shortage of water,A blockage of social laws,A growth in British fashion and pop music,1,History,20th-century & post-war Britain,4,"The decade of the 1960s was a period of significant social change. It was known as the ‘Swinging Sixties’. There was growth in British fashion, cinema and popular music ."
12,https://lifeintheuktestweb.co.uk/british-citizenship-test-practice-questions-12/,10,"Between 1680 and 1720 many refugees called Huguenots came to England, which country did they come from?",Pakistan,Germany,India,France,France,1,History,"Stuarts, Civil War & Restoration",6,Between 1680 and 1720 many refugees called Huguenots came from France .
12,https://lifeintheuktestweb.co.uk/british-citizenship-test-practice-questions-12/,11,What is the most famous tennis tournament played in the UK?,The Queen’s Club Championships,Wimbledon,Roland Garros,The Aegon Championships,Wimbledon,1,Sport,Sport & sporting events,2,"The most famous tournament hosted in Britain is The Wimbledon Championships , which takes place each year at the All England Lawn Tennis and Croquet Club."
12,https://lifeintheuktestweb.co.uk/british-citizenship-test-practice-questions-12/,12,MPs can only be contacted at their office in the House of Commons.,True,,False,,False,1,Government & Politics,Parliament & how government works,3,"False . You can contact MPs by letter or telephone at their constituency office, or at their office in the House of Commons . In addition, many MPs, SMs and MSPs hold regular local ‘surgeries‘, where constituents can go in person to talk about issues that are of concern to them."
12,https://lifeintheuktestweb.co.uk/british-citizenship-test-practice-questions-12/,13,What is the day when jokes are published in newspapers and telecast on TV?,April Fool‘s Day,Boxing Day,Halloween,Valentine‘s Day,April Fool‘s Day,1,Culture & Society,"Festivals, holidays & traditions",2,"April Fool‘s Day , 1 April, is a day when people play jokes on each other until midday. The television and newspapers often have stories that are April Fool jokes."
12,https://lifeintheuktestweb.co.uk/british-citizenship-test-practice-questions-12/,14,Which Scottish king defeated the English at the Battle of Bannockburn?,King Charles I,King James I,Admiral Nelson,Robert the Bruce,Robert the Bruce,1,History,Norman Conquest & the Middle Ages,5,"In 1314 the Scottish, led by Robert the Bruce , defeated the English at the Battle of Bannockburn, and Scotland remained unconquered by the English."
12,https://lifeintheuktestweb.co.uk/british-citizenship-test-practice-questions-12/,15,Who invented the World Wide Web?,Sir Tim Berners-Lee,Sir Peter Mansfield,Sir Ian Wilmot,Sir Robert Edwards,Sir Tim Berners-Lee,1,Culture & Society,Notable Britons & achievements,4,The inventor of the World Wide Web was Sir Tim Berners-Lee .
12,https://lifeintheuktestweb.co.uk/british-citizenship-test-practice-questions-12/,16,How are civil servants appointed and what political party do they belong to?,They are chosen on merit and form part of the Liberal Democrats party,They are chosen randomly and form part of the Conservative party,They are chosen randomly and are politically neutral,They are chosen on merit and are politically neutral,They are chosen on merit and are politically neutral,1,Government & Politics,Parliament & how government works,5,Civil servants are chosen on merit and are politically neutral – they are not political appointees.
12,https://lifeintheuktestweb.co.uk/british-citizenship-test-practice-questions-12/,17,What is known as the “Dunkirk spirit”?,When the German air force bombed London and other British cities at night-time,The evacuation of Allied soldiers from France during World War II,When new social classes appeared after the Black Death,The period when many refugees called Huguenots came from France,The evacuation of Allied soldiers from France during World War II,1,History,First & Second World Wars,4,"During WWII as France fell, the British decided to evacuate British and French soldiers from France in a huge naval operation. Many civilian volunteers in small pleasure and fishing boats from Britain helped the Navy to rescue more than 300,000 men from the beaches around Dunkirk."
12,https://lifeintheuktestweb.co.uk/british-citizenship-test-practice-questions-12/,18,You have to be at least 21 years old to serve on a jury.,True,False,,,False,1,Law & Justice,The legal system & courts,6,False . Anyone who is on the electoral register and is aged 18 to 70 can serve on a jury.
12,https://lifeintheuktestweb.co.uk/british-citizenship-test-practice-questions-12/,19,"If you wish to be a permanent resident or citizen of the UK, you should (choose TWO answers):","Respect the rights of others, including their right to their own opinions",Buy a house in the UK,Look after yourself and your family,Marry a British citizen,"Respect the rights of others, including their right to their own opinions | Look after yourself and your family",2,Values & Citizenship,Rights & responsibilities of citizens,4,"If you wish to be a permanent resident or citizen of the UK, you should: respect the rights of others, including their right to their own opinions, look after yourself and your family , respect and obey the law, treat others with fairness and look after the area in which you live and the environment."
12,https://lifeintheuktestweb.co.uk/british-citizenship-test-practice-questions-12/,20,Which of the following major sports event took place in the UK in 2012?,The Football World Cup,The Rugby World Cup,The Olympic games,The Eurocup Basketball,The Olympic games,1,Sport,Sport & sporting events,2,"The UK has hosted the Olympic games on three occasions: 1908, 1948 and 2012."
12,https://lifeintheuktestweb.co.uk/british-citizenship-test-practice-questions-12/,21,Charles I believed in the ’Divine Right of Kings’ so he tried:,To rule without the Parliament,To rule with the approval of the Parliament,To raise money for the Parliament,To restore Catholicism in Britain,To rule without the Parliament,1,History,"Stuarts, Civil War & Restoration",5,Charles I believed in the ’Divine Right of Kings’: the idea that the king was directly appointed by God to rule. He thought that the king should be able to act without having to seek approval from Parliament and he tried to rule without the Parliament .
12,https://lifeintheuktestweb.co.uk/british-citizenship-test-practice-questions-12/,22,What is the Union Jack?,The Flag of the Commonwealth,The Flag of the United Kingdom,The shield used by British Knights,A trade union to protect workers rights,The Flag of the United Kingdom,1,Geography,"Nations, capitals & geography of the UK",1,"The Union Flag, the Flag of the United Kingdom is also known as the Union Jack."
12,https://lifeintheuktestweb.co.uk/british-citizenship-test-practice-questions-12/,23,Who was voted the greatest Briton of all time in 2002?,Mo Farah,Admiral Nelson,Winston Churchill,Clement Attlee,Winston Churchill,1,Culture & Society,Notable Britons & achievements,4,In 2002 Winston Churchill was voted the greatest Briton of all time by the public.
12,https://lifeintheuktestweb.co.uk/british-citizenship-test-practice-questions-12/,24,Which of the following statements is true:,Women in Britain today make up about half of the workforce.,,Women in Britain today make up about one quarter of the workforce.,,Women in Britain today make up about half of the workforce.,1,Culture & Society,"Money, work, tax & public services",4,Women in Britain today make up about half of the workforce .
13,https://lifeintheuktestweb.co.uk/british-citizenship-test-13/,1,When is St George’s day?,17th March,30th November,1st March,23rd April,23rd April,1,Culture & Society,Religion & patron saints,6,"St George’s day, patron of England is celebrated on the 23rd of April ."
13,https://lifeintheuktestweb.co.uk/british-citizenship-test-13/,2,Which is the largest National Park in England?,Snowdonia,Loch Lomond and the Trossachs National Park,The Giant’s Causeway,The Lake District,The Lake District,1,Geography,Landmarks & famous places,5,The Lake District is England’s largest national park.
13,https://lifeintheuktestweb.co.uk/british-citizenship-test-13/,3,"Boudicca, was a tribal leader who fought against which foreign invaders?",The Normands,The Vikings,The Anglo-Saxons,The Romans,The Romans,1,History,"Ancient, Roman & early Britain",5,"One of the tribal leaders who fought against the Romans was Boudicca, the queen of the Iceni."
13,https://lifeintheuktestweb.co.uk/british-citizenship-test-13/,4,Which of the following poems is about a group of people going on a pilgrimage?,The Canterbury Tales,All the world’s a stage,A Midsummer Night’s dream,Great Expectations,The Canterbury Tales,1,Culture & Society,Literature & writers,4,"Geoffrey Chaucer wrote a series of poems in English about a group of people going to Canterbury on a pilgrimage. The people decided to tell each other stories on the journey, and the poems describe the travellers and some of the stories they told. This collection of poems is called The Canterbury Tales ."
13,https://lifeintheuktestweb.co.uk/british-citizenship-test-13/,5,How are public holidays called?,Bank Holidays,Workers Holidays,Business Holidays,Summer Holidays,Bank Holidays,1,Culture & Society,"Festivals, holidays & traditions",3,"There are public holidays each year called bank holidays , when banks and many other businesses are closed for the day."
13,https://lifeintheuktestweb.co.uk/british-citizenship-test-13/,6,How did Charles II manage to escape to Europe after his defeat in the Civil War?,Hiding in a farmer’s house,Riding a horse,Hiding in an oak tree,Swimming,Hiding in an oak tree,1,History,"Stuarts, Civil War & Restoration",7,"Charles II escaped from Worcester, famously hiding in an oak tree on one occasion, and eventually fled to Europe."
13,https://lifeintheuktestweb.co.uk/british-citizenship-test-13/,7,Who defeated the Vikings?,Harold,Edward I of England,King Arthur,King Alfred the Great,King Alfred the Great,1,History,Anglo-Saxons & Vikings,5,"The Anglo-Saxon kingdoms in England united under King Alfred the Great , who defeated the Vikings."
13,https://lifeintheuktestweb.co.uk/british-citizenship-test-13/,8,Who was William Caxton?,A poet who wrote about a group of people going to Canterbury on a pilgrimage,The first person in England to print books using a printing press,The first person to sail singlehanded around the world,The inventor of the television,The first person in England to print books using a printing press,1,Culture & Society,Notable Britons & achievements,7,William Caxton was the first person in England to print books using a printing press .
13,https://lifeintheuktestweb.co.uk/british-citizenship-test-13/,9,Where do Beefeaters serve as tour guides?,The Houses of the Parliament,The Tower of London,The O2,The Big Ben,The Tower of London,1,Geography,Landmarks & famous places,4,Beefeaters serve as tour guides at the Tower of London .
13,https://lifeintheuktestweb.co.uk/british-citizenship-test-13/,10,"During the rebellion of the clans in Scotland, Bonnie Prince Charlie was supported by clansmen from which Scottish region?",Glasgow,Galloway,The Highlands,Edinburgh,The Highlands,1,History,Glorious Revolution & Bill of Rights,5,Charles Edward Stuart (Bonnie Prince Charlie) was supported by clansmen from the Scottish Highlands .
13,https://lifeintheuktestweb.co.uk/british-citizenship-test-13/,11,What religion did Elizabeth I follow?,She was a Protestant,,She was a Catholic,,She was a Protestant,1,History,Tudors & the Reformation,5,Elizabeth the I was a protestant .
13,https://lifeintheuktestweb.co.uk/british-citizenship-test-13/,12,Who became famous for his tramp character in silent movies?,Sir Rex Harrison,David Niven,Richard Burton,Charlie Chaplin,Charlie Chaplin,1,Culture & Society,"Film, TV & media",2,Charlie Chaplin became famous in silent movies for his tramp character.
13,https://lifeintheuktestweb.co.uk/british-citizenship-test-13/,13,Which armed force was used in the Battle of Britain?,The Royal Navy,The Police Force,The Naval Service,The Royal Air Force,The Royal Air Force,1,History,First & Second World Wars,3,The correct answer is the Royal Air Force .
13,https://lifeintheuktestweb.co.uk/british-citizenship-test-13/,14,"In the UK, you have to be 21 years old to be able to vote in a general election.",True,,False,,False,1,Government & Politics,Elections & voting,3,False . The present voting age of 18 was set in 1969 and (with a few exceptions) all UK-born and naturalised adult citizens have the right to vote.
13,https://lifeintheuktestweb.co.uk/british-citizenship-test-13/,15,Which of the following poets was inspired by nature?,John Masefield,Wilfred Owen,Siegfried Sassoon,William Wordsworth,William Wordsworth,1,Culture & Society,Literature & writers,5,"British poets, including William Wordsworth , were inspired by nature."
13,https://lifeintheuktestweb.co.uk/british-citizenship-test-13/,16,Against which country did Britain fight at the Battle of Waterloo?,Germany,Italy,France,Spain,France,1,History,"Empire, exploration, slavery & abolition",4,"In 1815, the French Wars ended with the defeat of the Emperor Napoleon by the Duke of Wellington at the Battle of Waterloo."
13,https://lifeintheuktestweb.co.uk/british-citizenship-test-13/,17,Who was William Wilberforce?,A poet,A sportsman,A politician,A musician,A politician,1,History,"Empire, exploration, slavery & abolition",6,"William Wilberforce, an evangelical Christian and a member of Parliament, also played an important part in changing the law. Along with other abolitionists (people who supported the abolition of slavery), he succeeded in turning public opinion against the slave trade."
13,https://lifeintheuktestweb.co.uk/british-citizenship-test-13/,18,Who is the spiritual leader of the Church of England?,The Archbishop of Canterbury,The Archbishop of London,The Archbishop of Birmingham,The Archbishop of Manchester,The Archbishop of Canterbury,1,Culture & Society,Religion & patron saints,4,The spiritual leader of the Church of England is the Archbishop of Canterbury .
13,https://lifeintheuktestweb.co.uk/british-citizenship-test-13/,19,James I was King of which country before becoming King of England?,Wales,Ireland,France,Scotland,Scotland,1,History,"Stuarts, Civil War & Restoration",5,"When Elizabeth I died, her cousin James VI of Scotland became King James I of England, Wales and Ireland and Scotland remained a separate country."
13,https://lifeintheuktestweb.co.uk/british-citizenship-test-13/,20,Which of the following statements is correct?,,Most shops in the UK open seven days a week.,All shops in the UK close on Sundays and bank holidays.,,Most shops in the UK open seven days a week.,1,Culture & Society,"Food, leisure & everyday life",3,"Most shops in the UK are open seven days a week, although trading hours on Sundays and public holidays are generally reduced."
13,https://lifeintheuktestweb.co.uk/british-citizenship-test-13/,21,Which country sent a fleet of ships to England in 1588?,France,Germany,Spain,Italy,Spain,1,History,Tudors & the Reformation,5,"Elizabeth became one of the most popular monarchs in English history, particularly after 1588, when the English defeated the Spanish Armada (a large fleet of ships), which had been sent by Spain to conquer England and restore Catholicism."
13,https://lifeintheuktestweb.co.uk/british-citizenship-test-13/,22,Where is the National Horseracing Museum located?,"Edinburgh, Scotland","Newmarket, Suffolk","St Andrews, Scotland",Aintree near Liverpool,"Newmarket, Suffolk",1,Sport,Sport & sporting events,8,"There is a National Horseracing Museum in Newmarket, Suffolk ."
13,https://lifeintheuktestweb.co.uk/british-citizenship-test-13/,23,Which of the following castles is located in Scotland?,Crathes Castle,Caernarfon Castle,Bodiam Castle,Powis Castle,Crathes Castle,1,Culture & Society,Architecture & famous buildings,9,Crathes Castle is located in Scotland.
13,https://lifeintheuktestweb.co.uk/british-citizenship-test-13/,24,Who was a famous Art Deco ceramic designer?,Alexander McQueen,Thomas Chippendale,Clarice Cliff,Mary Quant,Clarice Cliff,1,Culture & Society,"Music, art & the performing arts",8,"Britain has produced many great designers, from Thomas Chippendale (who designed furniture in the 18th century) to Clarice Cliff (who designed Art Deco ceramics) to Sir Terence Conran (a 20th-century interior designer)."
14,https://lifeintheuktestweb.co.uk/british-citizenship-test-14/,1,When is St Patrick’s day celebrated?,23rd April,30th November,1st April,17th March,17th March,1,Culture & Society,Religion & patron saints,3,"St Patrick’s day, patron of Northern Ireland is celebrated on the 17th of March ."
14,https://lifeintheuktestweb.co.uk/british-citizenship-test-14/,2,How are the members of the Northern Ireland Parliament elected?,By a system of proportional representation,Using a system of ranked voting,Using the first past the post system,Using a runoff system,By a system of proportional representation,1,Government & Politics,Devolution & the devolved nations,7,"The Northern Ireland Assembly has 90 elected members, known as MLAs (members of the Legislative Assembly). They are elected with a form of proportional representation ."
14,https://lifeintheuktestweb.co.uk/british-citizenship-test-14/,3,Who was the first British Prime Minister?,Winston Churchill,Earl of Wilmington,Henry Pelham,Sir Robert Walpole,Sir Robert Walpole,1,Government & Politics,Prime Ministers & political leaders,7,"The most important minister in Parliament became known as the Prime Minister. The first man to be called this was Sir Robert Walpole , who was Prime Minister from 1721 to 1742."
14,https://lifeintheuktestweb.co.uk/british-citizenship-test-14/,4,Which of the following actresses has not won an Oscar?,Tilda Swinton,Emily Watson,Dame Judi Dench,Kate Winslet,Emily Watson,1,Culture & Society,"Film, TV & media",8,"British actors to have won Oscars include Colin Firth, Sir Antony Hopkins, Dame Judi Dench, Kate Winslet and Tilda Swinton. Emily Watson has not won an Oscar yet ."
14,https://lifeintheuktestweb.co.uk/british-citizenship-test-14/,5,"During the Enlightenment, Adam Smith developed ideas about:",Physics,Economics,Science,Engineering,Economics,1,History,"Enlightenment, science & discovery",5,During ’the Enlightenment’ Adam Smith developed ideas about economics which are still referred to today.
14,https://lifeintheuktestweb.co.uk/british-citizenship-test-14/,6,Who died at the Battle of Trafalgar?,Admiral Nelson,Henry VIII,Oliver Cromwell,Napoleon,Admiral Nelson,1,History,"Empire, exploration, slavery & abolition",4,Admiral Nelson was in charge of the British fleet at Trafalgar and was killed in the battle.
14,https://lifeintheuktestweb.co.uk/british-citizenship-test-14/,7,When is Hogmanay celebrated?,25th of December,2nd of January,1st of January,31st of December,31st of December,1,Culture & Society,"Festivals, holidays & traditions",5,"In Scotland, the 31st of December is called Hogmanay."
14,https://lifeintheuktestweb.co.uk/british-citizenship-test-14/,8,Proceedings in Parliament are broadcast on television and published in official reports known as:,Canvassing,Hansard,Cabinets,Domesday Book,Hansard,1,Government & Politics,Parliament & how government works,7,Proceedings in Parliament are broadcast on television and published in official reports called Hansard .
14,https://lifeintheuktestweb.co.uk/british-citizenship-test-14/,9,Which of the following is a rugby competition?,The Scottish Grand National,The Wimbledon Championships,The Ashes,The Six Nations Championship,The Six Nations Championship,1,Sport,Sport & sporting events,4,"The most famous rugby union competition is the Six Nations Championship between England, Ireland, Scotland, Wales, France and Italy."
14,https://lifeintheuktestweb.co.uk/british-citizenship-test-14/,10,Who appoints life peers in the House of Lords?,The Speaker,The Archbishop of Canterbury,The Prime Minister,The monarch,The monarch,1,Government & Politics,Parliament & how government works,7,Life peers are appointed by the monarch on the advice of the Prime Minister.
14,https://lifeintheuktestweb.co.uk/british-citizenship-test-14/,11,Who mapped the coast of Australia?,James Cook,Admiral Nelson,Isaac Newton,Sake Dean Mahomet,James Cook,1,History,"Empire, exploration, slavery & abolition",5,Captain James Cook mapped the coast of Australia and a few colonies were established there.
14,https://lifeintheuktestweb.co.uk/british-citizenship-test-14/,12,What was the first war to be extensively covered by the media?,The Boer War,The First World War,The Second World War,The Crimean War,The Crimean War,1,History,"Empire, exploration, slavery & abolition",7,The Crimean War was the first war to be extensively covered by the media through news stories and photographs.
14,https://lifeintheuktestweb.co.uk/british-citizenship-test-14/,13,Which of the following monuments is located in Wiltshire?,Hadrian’s Wall,St Paul’s Cathedral,Nelson’s Column,Stonehenge,Stonehenge,1,Geography,Landmarks & famous places,5,Stonehenge stands in what is now the English county of Wiltshire.
14,https://lifeintheuktestweb.co.uk/british-citizenship-test-14/,14,Who was the first Archbishop of Canterbury?,St Patrick,St Augustine,St Andrew,St Columba,St Augustine,1,Culture & Society,Religion & patron saints,8,"St Augustine led missionaries from Rome, who spread Christianity in the south. St Augustine became the first Archbishop of Canterbury."
14,https://lifeintheuktestweb.co.uk/british-citizenship-test-14/,15,How old do you have to be to go into betting shops or gambling clubs?,18,20,16,21,18,1,Culture & Society,"Food, leisure & everyday life",5,You have to be 18 to go into betting shops or gambling clubs.
14,https://lifeintheuktestweb.co.uk/british-citizenship-test-14/,16,The system of government in the UK is a parliamentary democracy.,True,,False,,True,1,Government & Politics,Parliament & how government works,3,This statement is true .
14,https://lifeintheuktestweb.co.uk/british-citizenship-test-14/,17,What is the traditional food of Northern Ireland?,Haggis,Pancakes,Paella,Ulster Fry,Ulster Fry,1,Culture & Society,"Food, leisure & everyday life",5,Ulster fry is the correct answer.
14,https://lifeintheuktestweb.co.uk/british-citizenship-test-14/,18,Who was elected as British Prime Minister in 1945?,Clement Attlee,Winston Churchill,Harold Wilson,Harold Macmillan,Clement Attlee,1,Government & Politics,Prime Ministers & political leaders,7,In 1945 the British people elected a Labour government. The new Prime Minister was Clement Attlee .
14,https://lifeintheuktestweb.co.uk/british-citizenship-test-14/,19,How many times has the UK hosted the Olympic games?,5,3,4,8,3,1,Sport,Sport & sporting events,6,"The UK has hosted the Olympic games on three occasions: 1908, 1948 and 2012."
14,https://lifeintheuktestweb.co.uk/british-citizenship-test-14/,20,Why were canals built during the Industrial Revolution?,To link the factories to towns and cities and to the ports,To make space for the large fleet of British ships,To increase the number of water mills in the UK,To increase the amount of water in towns and cities,To link the factories to towns and cities and to the ports,1,History,Industrial Revolution & invention,4,"Canals were built to link the factories to towns and cities and to the ports , particularly in the new industrial areas in the middle and north of England."
14,https://lifeintheuktestweb.co.uk/british-citizenship-test-14/,21,Are civil servants appointed by the government?,,Yes,No,,No,1,Government & Politics,Parliament & how government works,6,Civil servants are accountable to ministers. They are chosen on merit and are politically neutral – they are not political appointees .
14,https://lifeintheuktestweb.co.uk/british-citizenship-test-14/,22,Which of the following countries helped Britain to develop the Concorde?,Germany,Norway,Italy,France,France,1,History,20th-century & post-war Britain,5,"Britain and France developed the world’s only supersonic commercial airliner, Concorde."
14,https://lifeintheuktestweb.co.uk/british-citizenship-test-14/,23,Which invention led to the development of Britain during the Industrial Revolution?,Magnetic Resonance Imaging,Steam power,Radar,Hovercraft,Steam power,1,History,Industrial Revolution & invention,3,The Industrial Revolution was the rapid development of industry in Britain in the 18th and 19th centuries. Britain was the first country to industrialise on a large scale. It happened because of the development of machinery and the use of steam power .
14,https://lifeintheuktestweb.co.uk/british-citizenship-test-14/,24,Who was the tribal leader who fought against the Romans?,Columba,Claudius,Hadrian,Boudicca,Boudicca,1,History,"Ancient, Roman & early Britain",5,One of the tribal leaders who fought against the Romans was Boudicca .
15,https://lifeintheuktestweb.co.uk/british-citizenship-test-15/,1,Which two languages were used across England during the Middle Ages?,Welsh,Gaelic,Norman French,Anglo-Saxon,Norman French | Anglo-Saxon,2,History,Norman Conquest & the Middle Ages,7,"The Middle Ages saw the development of a national culture and identity. After the Norman Conquest, the king and his noblemen had spoken Norman French and the peasants had continued to speak Anglo-Saxon ."
15,https://lifeintheuktestweb.co.uk/british-citizenship-test-15/,2,"In 1776, which British colonies declared their independence because they demanded that there should be ‘no taxation without representation‘.",North African,Asian,North American,South African,North American,1,History,"Empire, exploration, slavery & abolition",3,"In 1776, 13 North American colonies declared their independence, stating that people had a right to establish their own governments."
15,https://lifeintheuktestweb.co.uk/british-citizenship-test-15/,3,When was England ruled by a republic and not by a monarch?,When Elizabeth I died without any successor,When Charles I was executed,When the Carta Magna restricted the king’s power,When kind Harold died after the Battle of Hastings,When Charles I was executed,1,History,"Stuarts, Civil War & Restoration",6,"When Charles I was executed , England declared itself a republic, called the Commonwealth. It no longer had a monarch."
15,https://lifeintheuktestweb.co.uk/british-citizenship-test-15/,4,Which film produced in the UK was one of the most commercially successful films of all time and one of the highest-grossing film franchises?,Harry Potter,Spider-man,The Lord of the Rings,Indiana Jones,Harry Potter,1,Culture & Society,"Film, TV & media",2,"Some of the most commercially successful films of all time, including the two highest-grossing film franchises ( Harry Potter and James Bond), have been produced in the UK."
15,https://lifeintheuktestweb.co.uk/british-citizenship-test-15/,5,When did the first farmers come to Britain?,"10,000 years ago","6,000 years ago","15,000 years ago","2,000 years ago","6,000 years ago",1,History,"Ancient, Roman & early Britain",7,"The first farmers arrived in Britain 6,000 years ago ."
15,https://lifeintheuktestweb.co.uk/british-citizenship-test-15/,6,When did the First World War end?,At 12.00 pm on 11th November 1914,At 12.00 pm on 11th November 1918,At 11.00 am on 11th November 1914,At 11.00 am on 11th November 1918,At 11.00 am on 11th November 1918,1,History,First & Second World Wars,5,The First World War ended at 11.00 am on 11th November 1918 with victory for Britain and its allies.
15,https://lifeintheuktestweb.co.uk/british-citizenship-test-15/,7,Can court orders be obtained to protect a person from being forced into a marriage?,Yes,,No,,Yes,1,Law & Justice,"Rights, equality & the law",3,"True . Court orders can be obtained to protect a person from being forced into a marriage, or to protect a person in a forced marriage."
15,https://lifeintheuktestweb.co.uk/british-citizenship-test-15/,8,What medal did Mary Peters win in the 1972 Olympics?,She did not win any medals,Silver,Gold,Bronze,Gold,1,Sport,Sport & sporting events,7,"Born in Manchester, Mary Peters moved to Northern Ireland as a child. She was a talented athlete who won an Olympic gold medal in the pentathlon in 1972."
15,https://lifeintheuktestweb.co.uk/british-citizenship-test-15/,9,"In England, Wales and Northern Ireland Youth Court cases are normally heard by (choose TWO answers)?",Up to 3 specially trained magistrates,A District Judge,A sheriff,Up to 5 specially trained magistrates,Up to 3 specially trained magistrates | A District Judge,2,Law & Justice,The legal system & courts,7,"In England, Wales and Northern Ireland, if an accused person is aged 10 to 17, the case is normally heard in a Youth Court in front of up to three specially trained magistrates or a District Judge ."
15,https://lifeintheuktestweb.co.uk/british-citizenship-test-15/,10,What was invented by Alan Turing in the 1930s?,The jet engine,The television,The Turing machine,The ball pen,The Turing machine,1,Culture & Society,Notable Britons & achievements,4,"A Turing machine is a theoretical mathematical device invented by Alan Turing (1912-54), a British mathematician, in the 1930s."
15,https://lifeintheuktestweb.co.uk/british-citizenship-test-15/,11,Which of the following tells us about how people lived in England just after the Norman Conquest?,The Domesday Book,The Book of Common Prayer,The Canterbury Tales,The Carta Magna,The Domesday Book,1,History,Norman Conquest & the Middle Ages,5,"William sent people all over England to draw up lists of all the towns and villages. The people who lived there, who owned the land and what animals they owned were also listed. This was called the Domesday Book . It still exists today and gives a picture of society in England just after the Norman Conquest."
15,https://lifeintheuktestweb.co.uk/british-citizenship-test-15/,12,Who led a team of scientists to ‘split the atom‘ for the first time?,Alexander Fleming,Alan Turing,Ernest Rutherford,Sir Peter Mansfield,Ernest Rutherford,1,Culture & Society,Notable Britons & achievements,7,"Scientists led by Ernest Rutherford , working at Manchester and then Cambridge University, were the first to ‘split the atom‘ and took part in the Manhattan Project in the United States, which developed the atomic bomb."
15,https://lifeintheuktestweb.co.uk/british-citizenship-test-15/,13,What song is sung by people in the UK and other countries when they are celebrating the New Year?,Auld Lang Syne,The British Anthem,Jingle Bells,White Christmas,Auld Lang Syne,1,Culture & Society,"Festivals, holidays & traditions",2,"The song Auld Lang Syne , which is sung by people in the UK and other countries when they are celebrating the New Year (or Hogmanay as it is called in Scotland)."
15,https://lifeintheuktestweb.co.uk/british-citizenship-test-15/,14,Who fought in the English Civil war of 1642?,The House of York and the House of Lancaster,The Anglo-Saxons and the Vikings,The Cavaliers and the Roundheads,The House of Fraser and the House of Stuart,The Cavaliers and the Roundheads,1,History,"Stuarts, Civil War & Restoration",5,The Civil war between the king and Parliament began in 1642. The country split into those who supported the king ( the Cavaliers ) and those who supported Parliament ( the Roundheads ).
15,https://lifeintheuktestweb.co.uk/british-citizenship-test-15/,15,Which two of these forts were part of Hadrian‘s wall?,Vindolanda,Maiden Castle,Housesteads,Grimsby,Vindolanda | Housesteads,2,History,"Ancient, Roman & early Britain",8,"Parts of Hadrian‘s Wall, include the forts of Housesteads and Vindolanda ."
15,https://lifeintheuktestweb.co.uk/british-citizenship-test-15/,16,What was the religion of the Puritans?,Hindu,Catholic,Sikh,Protestant,Protestant,1,Culture & Society,Religion & patron saints,5,The Puritans were a group of Protestants who advocated strict and simple religious doctrine and worship.
15,https://lifeintheuktestweb.co.uk/british-citizenship-test-15/,17,What is the name of Irish people who favoured complete independence from the UK in the 19th century?,Fenians,Quakers,Highlanders,Suffragettes,Fenians,1,History,Industrial Revolution & invention,8,"The Irish Nationalist movement had grown strongly through the 19th century. Some, such as the Fenians , favoured complete independence."
15,https://lifeintheuktestweb.co.uk/british-citizenship-test-15/,18,Which two British pop music groups were famous during the Swinging Sixties?,The Rolling Stones,The Beatles,ABBA,Radiohead,The Rolling Stones | The Beatles,2,Culture & Society,"Music, art & the performing arts",2,"The decade of the 1960s was a period of significant social change. It was known as the ‘swinging sixties’. There was growth in British fashion, cinema and popular music. Two well-known pop music groups at the time were The Beatles and The Rolling Stones ."
15,https://lifeintheuktestweb.co.uk/british-citizenship-test-15/,19,What is the minimum age required to drive a motorcycle?,16 years old,17 years old,18 years old,21 years old,17 years old,1,Culture & Society,"Food, leisure & everyday life",5,"In the UK, you must be at least 17 years to drive a car or motorcycle and you must have a driving licence to drive on public roads."
15,https://lifeintheuktestweb.co.uk/british-citizenship-test-15/,20,"The members of the House of Lords, known as peers, are elected by the people.",True,False,,,False,1,Government & Politics,Parliament & how government works,5,"False . The members of the House of Lords, known as peers, are not elected by the people ."
15,https://lifeintheuktestweb.co.uk/british-citizenship-test-15/,21,When did the Emancipation Act abolish slavery throughout the British Empire?,1835,1823,1807,1833,1833,1,History,"Empire, exploration, slavery & abolition",8,In 1833 the Emancipation Act abolished slavery throughout the British Empire.
15,https://lifeintheuktestweb.co.uk/british-citizenship-test-15/,22,"Who is responsible for crime, policing and immigration?",The Chancellor of the Exchequer,The Foreign Secretary,The Speaker,The Home Secretary,The Home Secretary,1,Government & Politics,Parliament & how government works,5,"The Home Secretary is responsible for crime, policing and immigration."
15,https://lifeintheuktestweb.co.uk/british-citizenship-test-15/,23,What kind of genre was the film Wallace and Gromit created by Nick Park?,A soap opera,A silent movie,An animated film,An action film,An animated film,1,Culture & Society,"Film, TV & media",2,"Nick Park won four Oscars for his animated films , including three for films featuring Wallace and Gromit."
15,https://lifeintheuktestweb.co.uk/british-citizenship-test-15/,24,"Anyone who is violent towards their partner – whether they are a man or a woman, married or living together – can be prosecuted.",True,,False,,True,1,Law & Justice,"Police, crime & punishment",2,"True . Anyone who is violent towards their partner – whether they are a man or a woman, married or living together – can be prosecuted."
16,https://lifeintheuktestweb.co.uk/life-in-the-uk-exam-16/,1,When was the United Nations set up?,After the First World War.,After the Second World War.,Before the First World War.,Before the Second World War.,After the Second World War.,1,History,20th-century & post-war Britain,4,The UN was set up after the Second World War and aims to prevent war and promote international peace and security.
16,https://lifeintheuktestweb.co.uk/life-in-the-uk-exam-16/,2,Where is the Giant’s Causeway located?,Scotland,England,Wales,Northern Ireland,Northern Ireland,1,Geography,Landmarks & famous places,4,The Giant’s Causeway is a land formation of columns made from volcanic lava located on the north-east coast of Northern Ireland . It was formed about 50 million years ago. There are many legends about the Causeway and how it was formed.
16,https://lifeintheuktestweb.co.uk/life-in-the-uk-exam-16/,3,"What happened to Mary, Queen of Scots, after being sent to prison for 20 years by her cousin Queen Elizabeth I?",She got married.,She was sent to France.,She was executed.,She was sent to Scotland.,She was executed.,1,History,Tudors & the Reformation,4,"Mary was executed , accused of plotting against Elizabeth I."
16,https://lifeintheuktestweb.co.uk/life-in-the-uk-exam-16/,4,Which tribe came to Britain from northern Europe after the Romans left in AD 410?,The Gepids,The Jutes,The Frisians,The Burgundians,The Jutes,1,History,Anglo-Saxons & Vikings,8,"Britain was invaded by tribes from northern Europe: the Jutes, the Angles and the Saxons."
16,https://lifeintheuktestweb.co.uk/life-in-the-uk-exam-16/,5,What is one of the highest-grossing film franchises produced in the UK?,James Bond,Star Wars,The Lord of the Rings,Superman,James Bond,1,Culture & Society,"Film, TV & media",3,"Some of the most commercially successful films of all time, including the two highest-grossing film franchises (Harry Potter and James Bond ), have been produced in the UK."
16,https://lifeintheuktestweb.co.uk/life-in-the-uk-exam-16/,6,"Who can hear cases in Youth Courts in England, Wales and Northern Ireland (two answers)?",Specially trained magistrates.,Social workers.,District judges.,Members of the public.,Specially trained magistrates. | District judges.,2,Law & Justice,The legal system & courts,7,"In England, Wales and Northern Ireland, if an accused person is aged 10 to 17, the case is normally heard in a Youth Court in front of up to three specially trained magistrates or a District Judge . The most serious cases will go the Crown Court. The parents or carers of the young person are expected to attend the hearing. Members of the public are not allowed in Youth Courts, and the name or photographs of the accused young person cannot be published in newspapers or used by the media."
16,https://lifeintheuktestweb.co.uk/life-in-the-uk-exam-16/,7,Who came from the Netherlands to become the British monarch?,William II,Charles II,Edward II,George II,Charles II,1,History,"Stuarts, Civil War & Restoration",8,"In May 1660, Parliament invited Charles II to come back from exile in the Netherlands. He was crowned King Charles II of England, Wales, Scotland and Ireland."
16,https://lifeintheuktestweb.co.uk/life-in-the-uk-exam-16/,8,Who can apply for the National Citizen Service programme?,14- and 15-year-olds,15- and 16-year-olds,16- and 17-year-olds,17- and 18-year-olds,16- and 17-year-olds,1,Values & Citizenship,Rights & responsibilities of citizens,7,"The National Citizen Service programme gives 16- and 17-year-olds the opportunity to enjoy outdoor activities, develop their skills and take part in a community project."
16,https://lifeintheuktestweb.co.uk/life-in-the-uk-exam-16/,9,"Nick Park has won four Oscars for his animated films, including three for films featuring:",Chariots of Fire,Wallace and Gromit,Four Weddings and a Funeral,Women in Love,Wallace and Gromit,1,Culture & Society,"Film, TV & media",3,"Nick Park, who has won four Oscars for his animated films, including three for films featuring Wallace and Gromit ."
16,https://lifeintheuktestweb.co.uk/life-in-the-uk-exam-16/,10,Who was the British scientist who co-discovered the structure of the DNA molecule in the 1950s?,Sir Ian Wilmot,Keith Campbell,James Watt,Francis Crick,Francis Crick,1,Culture & Society,Notable Britons & achievements,6,"The structure of the DNA molecule was discovered in 1953 through work at British universities in London and Cambridge. This discovery contributed to many scientific advances, particularly in medicine and fighting crime. Francis Crick (1916-2004), was one of those awarded the Nobel Prize for this discovery."
16,https://lifeintheuktestweb.co.uk/life-in-the-uk-exam-16/,11,What percentage of the UK population has a parent or grandparent born outside of the UK?,Around 5%,Around 10%,Around 15%,Around 20%,Around 10%,1,Geography,Population & demographics,8,Nearly 10% of the population has a parent or grandparent born outside the UK.
16,https://lifeintheuktestweb.co.uk/life-in-the-uk-exam-16/,12,How old do you have to be to drive a moped in the UK?,15 years old,16 years old,17 years old,18 years old,16 years old,1,Culture & Society,"Food, leisure & everyday life",6,"In the UK, you need to be at least 16 years old to ride a moped, and there are other age requirements and special tests for driving large vehicles."
16,https://lifeintheuktestweb.co.uk/life-in-the-uk-exam-16/,13,Who was the leader of the Labour Party who introduced a Scottish Parliament and a Welsh Assembly?,James Callaghan,Clement Attlee,Gordon Brown,Tony Blair,Tony Blair,1,Government & Politics,Prime Ministers & political leaders,5,In 1997 the Labour Party led by Tony Blair was elected. The Blair government introduced a Scottish Parliament and a Welsh Assembly.
16,https://lifeintheuktestweb.co.uk/life-in-the-uk-exam-16/,14,What is the maximum amount you can claim through the small claims procedure in Scotland and Northern Ireland?,"£3,000","£5,000","£8,000","£10,000","£5,000",1,Law & Justice,The legal system & courts,9,"The small claims procedure is an informal way of helping people to settle minor disputes without spending a lot of time and money using a lawyer. This procedure is used for claims of less than £10,000 in England and Wales, £5,000 in Scotland and Northern Ireland ."
16,https://lifeintheuktestweb.co.uk/life-in-the-uk-exam-16/,15,Which historical monument did William the Conqueror build?,St Paul’s Cathedral,The Cenotaph,Dumfries House,The White Tower,The White Tower,1,History,Norman Conquest & the Middle Ages,7,"The White Tower in the Tower of London is an example of a Norman castle keep, built on the orders of William the Conqueror."
16,https://lifeintheuktestweb.co.uk/life-in-the-uk-exam-16/,16,Who became Prime Minister after Margaret Thatcher and played an important part in the Northern Ireland peace process?,James Callaghan,John Major,Tony Blair,Harold Wilson,John Major,1,Government & Politics,Prime Ministers & political leaders,5,John Major became Prime Minister after Margaret Thatcher and played an important part in the Northern Ireland peace process.
16,https://lifeintheuktestweb.co.uk/life-in-the-uk-exam-16/,17,Who should you contact to report a terrorist activity?,Your local Council.,Your local MP.,Your local police force.,The Prime Minister.,Your local police force.,1,Law & Justice,"Police, crime & punishment",2,"If you think someone is trying to persuade you to join an extremist or terrorist cause, you should notify your local police force ."
16,https://lifeintheuktestweb.co.uk/life-in-the-uk-exam-16/,18,"Which Paralympic athlete has won gold medals for swimming at the 2008, 2012 and 2016 Paralympic Games?",Sophie Christiansen,Ellie Simmonds,Baroness Tanni Grey-Thompson,David Weir,Ellie Simmonds,1,Sport,Sport & sporting events,6,"Ellie Simmonds is a Paralympian who won gold medals for swimming at the 2008, 2012 and 2016 Paralympic Games and holds a number of world records. She was the youngest member of the British team at the 2008 Games."
16,https://lifeintheuktestweb.co.uk/life-in-the-uk-exam-16/,19,"Each of the UK countries is associated with a flower symbol, which country is associated with the rose?",Wales,Northern Ireland,Scotland,England,England,1,Geography,"Nations, capitals & geography of the UK",3,"The countries that make up the UK all have flowers which are particularly associated with them and which are sometimes worn on national saints’ days. The flowers associated to each country are as follows: England – the rose , Scotland – the thistle, Wales – the daffodil and Northern Ireland – the shamrock."
16,https://lifeintheuktestweb.co.uk/life-in-the-uk-exam-16/,20,Isambard Kingdom Brunel was responsible for:,The construction of the Great Western Railway.,The invention of the television.,The construction of the Tower of London.,The discovery of insulin.,The construction of the Great Western Railway.,1,History,Industrial Revolution & invention,6,"Brunel was originally from Portsmouth, England. He was an engineer who built tunnels, bridges, railway lines and ships. He was responsible for constructing the Great Western Railway , which was the first major railway built in Britain. It runs from Paddington Station in London to the south west of England, the West Midlands and Wales."
16,https://lifeintheuktestweb.co.uk/life-in-the-uk-exam-16/,21,What is the Commonwealth?,An organization responsible for the protection and promotion of human rights in its member countries.,A group of European and North American countries that have agreed to help each other if they come under attack.,An association of countries that support each other and work together towards shared goals in democracy and development.,An international organization that aims to prevent war and promote international peace and security.,An association of countries that support each other and work together towards shared goals in democracy and development.,1,History,Modern & contemporary Britain,5,"The Commonwealth is an association of countries that support each other and work together towards shared goals in democracy and development. Most member states were once part of the British Empire, although a few countries which were not have also joined."
16,https://lifeintheuktestweb.co.uk/life-in-the-uk-exam-16/,22,Under which name was the movement of opinion against the authority of the Pope during the times of Henry VIII known?,The Spanish Inquisition,The Holy Wars,The Reformation,The Enlightenment,The Reformation,1,History,Tudors & the Reformation,5,The correct answer is the Reformation.
16,https://lifeintheuktestweb.co.uk/life-in-the-uk-exam-16/,23,What did Isaac Newton discover?,Gravity,Penicillin,Insulin,Lightbulb,Gravity,1,History,"Enlightenment, science & discovery",2,"Newton’s most famous published work was Philosophiae Naturalis Principia Mathematica (‘Mathematical Principle of Natural Philosophy’), which showed how gravity applied to the whole universe. Newton also discovered that white light is made up of the colours of the rainbow."
16,https://lifeintheuktestweb.co.uk/life-in-the-uk-exam-16/,24,What kind of movies did Academy Award winner Nick Park specialise in?,Action movies,Animated movies,Thrillers,Horror movies,Animated movies,1,Culture & Society,"Film, TV & media",3,"Britain continues to be particularly strong in special effects and animation. One example is the work of Nick Park, who has won four Oscars for his animated films , including three for films featuring Wallace and Gromit."
17,https://lifeintheuktestweb.co.uk/exam-17/,1,Which of the following is not a constitutional institution?,The Parliament,The cabinet,The armed forces,The police,The armed forces,1,Government & Politics,Parliament & how government works,7,"Constitutional institutions in the UK include: the monarchy, the Parliament (the House of Commons and the House of Lords), the Prime Minister, the cabinet, the judiciary (courts), the police, the civil service and the local government. The armed forces are not a constitutional institution."
17,https://lifeintheuktestweb.co.uk/exam-17/,2,What food shortage caused the famine in Ireland?,Corn,Potato,Wheat,Oats,Potato,1,History,Industrial Revolution & invention,3,"In the middle of the century the potato crop failed, and Ireland suffered a famine. A million people died from disease and starvation."
17,https://lifeintheuktestweb.co.uk/exam-17/,3,The leader of the opposition appoints senior opposition MPs. They form a group whose role is to challenge the government and put forward alternative policies. What are they called?,Shadow Cabinet,Lobby groups,Civil servants,Support peers,Shadow Cabinet,1,Government & Politics,Parliament & how government works,5,The leader of the opposition appoints senior opposition MPs to be ‘shadow ministers’. Their role is to challenge the government and put forward alternative policies. They form the shadow cabinet .
17,https://lifeintheuktestweb.co.uk/exam-17/,4,Which of the following are TWO responsibilities of the MPs?,Protect life and property,Represent everyone in their constituency,Help to create new laws,Scrutinise and comment on what the monarch is doing,Represent everyone in their constituency | Help to create new laws,2,Government & Politics,Parliament & how government works,4,"MPs responsibilities include: to represent everyone in their constituency, to help to create new laws , to scrutinise and comment on what the government is doing and to debate important national issues."
17,https://lifeintheuktestweb.co.uk/exam-17/,5,Who was the longest serving PM in the 20th century?,John Major,Sir Alec Douglas-Home,Robert Walpole,Margaret Thatcher,Margaret Thatcher,1,Government & Politics,Prime Ministers & political leaders,5,"Margaret Thatcher was the first woman Prime Minister of the UK. She was the longest-serving Prime Minister of the 20th century, remaining in office from 1979 until 1990."
17,https://lifeintheuktestweb.co.uk/exam-17/,6,What name is given to the territories which are linked to the UK but not part of it?,Crown Dependencies,Offshore Territories,Crown Independencies,British Colonies,Crown Dependencies,1,Geography,"Nations, capitals & geography of the UK",7,There are several islands which are closely linked with the UK but are not part of it: the Channel Islands and the Isle of Man. These have their own governments and are called ‘Crown dependencies’ .
17,https://lifeintheuktestweb.co.uk/exam-17/,7,What area did David Hume contribute to during the Enlightenment?,Architecture,Poetry,Cinema,Philosophy,Philosophy,1,History,"Enlightenment, science & discovery",6,David Hume was a famous philosopher who developed ideas about human nature during the 18th century and that have continued to influence philosophers over the years.
17,https://lifeintheuktestweb.co.uk/exam-17/,8,What proportion of the population died as a result of the Black Death in England?,Half of the population,One third of the population,55% of the population,One quarter of the population,One third of the population,1,History,Norman Conquest & the Middle Ages,6,"As a result of the Black Death, one third of the population of England died and a similar proportion in Scotland and Wales."
17,https://lifeintheuktestweb.co.uk/exam-17/,9,What happened to Charles I after he was in prison?,He moved to Spain,He became a priest,He escaped to France,He was executed,He was executed,1,History,"Stuarts, Civil War & Restoration",5,"Charles I’s army was defeated at the Battles of Marston Moor and Naseby. Charles was held prisoner by the parliamentary army. As he was unwilling to reach any agreement with the Parliament, in 1649 he was executed ."
17,https://lifeintheuktestweb.co.uk/exam-17/,10,What are TWO responsibilities of the monarch?,To appoint the members of the cabinet,"To advise, warn and encourage the Prime Minister‘s decisions on government policies",To debate important national issues,To appoint the government,"To advise, warn and encourage the Prime Minister‘s decisions on government policies | To appoint the government",2,Monarchy,Monarchy & the royal family,6,"The monarch does not rule the country but appoints the government, which the people have chosen in a democratic election. The monarch also has regular meetings with the Prime Minister and can advise, warn and encourage, but the decisions on government policies are made by the Prime Minister and cabinet."
17,https://lifeintheuktestweb.co.uk/exam-17/,11,What kind of disaster was the Black Death?,A plague,An earthquake,A famine,A civil war,A plague,1,History,Norman Conquest & the Middle Ages,2,"The Black Death was a disease, probably a form of plague , that came to Britain in 1348."
17,https://lifeintheuktestweb.co.uk/exam-17/,12,What country was in conflict with the UK for trading reasons during the 18th century?,Andorra,Germany,France,Luxembourg,France,1,History,"Empire, exploration, slavery & abolition",3,"During the 18th century, trading and settlements overseas sometimes brought Britain into conflict with other countries, particularly France , which was expanding and trading in a similar way in many of the same areas of the world."
17,https://lifeintheuktestweb.co.uk/exam-17/,13,"The Speaker is an MP, he or she represents a constituency and deals with the constituents.",True,False,,,True,1,Government & Politics,Parliament & how government works,5,This statement is true .
17,https://lifeintheuktestweb.co.uk/exam-17/,14,"Where is Skara Brae, the best preserved prehistoric village in northern Europe, located?",Scotland,Wales,England,Northern Ireland,Scotland,1,Geography,Landmarks & famous places,7,"Skara Brae on Orkney, off the north coast of Scotland , is the best preserved prehistoric village in northern Europe."
17,https://lifeintheuktestweb.co.uk/exam-17/,15,Which of the following plays was written by William Shakespeare?,MacBeth,The Canterbury Tales,Doctor Faustus,The Mikado,MacBeth,1,Culture & Society,Literature & writers,3,William Shakespeare’s most famous plays include MacBeth .
17,https://lifeintheuktestweb.co.uk/exam-17/,16,Where was William the Conqueror from?,Italy,Portugal,France,Ireland,France,1,History,Norman Conquest & the Middle Ages,4,"William the Conqueror was the Duke of Normandy (now northern France ). He defeated Harold, the Saxon king of England, at the Battle of Hastings in 1066."
17,https://lifeintheuktestweb.co.uk/exam-17/,17,How do you call the settlers from the Netherlands who went to war with the British in South Africa?,Blacksmiths,Boers,Conquistadors,Beefeaters,Boers,1,History,"Empire, exploration, slavery & abolition",6,The British went to war in South Africa with settlers from the Netherlands called the Boers . The Boers fought fiercely and the war went on for over three years.
17,https://lifeintheuktestweb.co.uk/exam-17/,18,"In Northern Ireland, up to three specially trained magistrates or a District Judge are required for Youth Court cases.",True,False,,,True,1,Law & Justice,The legal system & courts,7,This statement is true .
17,https://lifeintheuktestweb.co.uk/exam-17/,19,What made Roger Bannister famous?,He was the first man in the world to run a mile in under four minutes.,He won gold medals for ice dancing at the Olympic Games in 1984.,He won gold medals in rowing in five consecutive Olympic Games.,He was the first British to climb Mount Everest.,He was the first man in the world to run a mile in under four minutes.,1,Sport,Sport & sporting events,5,"Sir Roger Bannister was the first man in the world to run a mile in under four minutes , in 1954."
17,https://lifeintheuktestweb.co.uk/exam-17/,20,Who was invited to invade and rule England in 1688?,The Duke of Medina Sidonia,Napoleon,King Philip II of Spain,William of Orange,William of Orange,1,History,Glorious Revolution & Bill of Rights,6,"In 1688, important Protestants in England asked William of Orange to invade England and proclaim himself king."
17,https://lifeintheuktestweb.co.uk/exam-17/,21,Who was defeated at the Battle of the Boyne?,James I,James II,Richard I,Richard II,James II,1,History,Glorious Revolution & Bill of Rights,7,William of Orange defeated James II at the Battle of the Boyne in Ireland in 1690.
17,https://lifeintheuktestweb.co.uk/exam-17/,22,What did the Factories Act of 1847 introduce?,It limited the number of hours that everybody could work to 10 hours per day.,It increased the number of hours that women and children could work to 12 hours per day.,It increased the number of hours that men could work to 12 hours per day.,It limited the number of hours that women and children could work to 10 hours per day.,It limited the number of hours that women and children could work to 10 hours per day.,1,History,Industrial Revolution & invention,8,The Factories Act of 1847 limited the number of hours that women and children could work to 10 hours per day .
17,https://lifeintheuktestweb.co.uk/exam-17/,23,What name is given to the group of MPs from the opposition?,Roundheads,Cavaliers,Shadow Cabinet,Quakers,Shadow Cabinet,1,Government & Politics,Parliament & how government works,4,Opposition MPs form the shadow cabinet and their role is to challenge the government and put forward alternative policies.
17,https://lifeintheuktestweb.co.uk/exam-17/,24,In which of the following matters can the Scottish Parliament legislate?,Education,Immigration,Security,Defence,Education,1,Government & Politics,Devolution & the devolved nations,6,"The Scottish Parliament can legislate on: civil and criminal law, health, education , planning and additional tax-raising powers."
